record_type,run,epoch,subset,sample_count,seen_sample_count,mean_loss,median_loss,mean_mask_iou,mean_matched_iou,mean_fn,mean_fp,mean_class_error,mean_gt_recall,mean_exposure_multiplier,mean_state_policy_weight,mean_applied_loss_weight_seen,mean_effective_contribution_seen,total_appearances,total_exposure_count,total_effective_contribution,cap_hit_count
checkpoint_trajectory,E0,0,REFERENCE_HARD,33,,404.0961183490175,414.70770263671875,0.02748054988456495,0.04607791069782141,0.9393939393939394,1.4545454545454546,0.06060606060606061,0.06060606060606061,,,,,,,,
checkpoint_trajectory,E0,1,REFERENCE_HARD,33,,363.28362343528056,363.27752685546875,0.02924030025800069,0.04887137629769065,0.9393939393939394,1.5151515151515151,0.06060606060606061,0.06060606060606061,,,,,,,,
checkpoint_trajectory,E0,2,REFERENCE_HARD,33,,316.25376383463544,288.712646484375,0.01095895062793385,0.021298493399764553,0.9696969696969697,1.3636363636363635,0.030303030303030304,0.030303030303030304,,,,,,,,
checkpoint_trajectory,E0,3,REFERENCE_HARD,33,,275.7204071969697,235.82565307617188,0.0,0.0,1.0,1.0606060606060606,0.0,0.0,,,,,,,,
checkpoint_trajectory,E0,4,REFERENCE_HARD,33,,246.43803174567944,217.75241088867188,0.0,0.0,1.0,0.9696969696969697,0.0,0.0,,,,,,,,
checkpoint_trajectory,E0,5,REFERENCE_HARD,33,,228.96912037242544,195.30990600585938,0.0,0.0,1.0,0.9393939393939394,0.0,0.0,,,,,,,,
checkpoint_trajectory,E0,6,REFERENCE_HARD,33,,222.09395437529594,189.9670867919922,0.0,0.0,1.0,0.3939393939393939,0.0,0.0,,,,,,,,
checkpoint_trajectory,E0,7,REFERENCE_HARD,33,,211.91649974476206,178.4407958984375,0.0,0.0,1.0,0.42424242424242425,0.0,0.0,,,,,,,,
checkpoint_trajectory,E0,8,REFERENCE_HARD,33,,205.9374445134943,170.51458740234375,0.0,0.0,1.0,0.45454545454545453,0.0,0.0,,,,,,,,
checkpoint_trajectory,E0,9,REFERENCE_HARD,33,,200.51035933061078,165.11512756347656,0.0,0.0,1.0,0.3333333333333333,0.0,0.0,,,,,,,,
checkpoint_trajectory,E0,10,REFERENCE_HARD,33,,196.09371532093394,171.2173309326172,0.0,0.0,1.0,0.09090909090909091,0.0,0.0,,,,,,,,
checkpoint_trajectory,E0,11,REFERENCE_HARD,33,,195.68320765639797,173.76498413085938,0.043896434885082825,0.05843420100934578,0.9393939393939394,0.18181818181818182,0.0,0.06060606060606061,,,,,,,,
checkpoint_trajectory,E0,12,REFERENCE_HARD,33,,191.01088298450816,160.95596313476562,0.11362459262212117,0.1452675841071389,0.8484848484848485,0.15151515151515152,0.0,0.15151515151515152,,,,,,,,
checkpoint_trajectory,E0,13,REFERENCE_HARD,33,,186.19265307802144,158.73297119140625,0.3773629665374756,0.45307764501282666,0.5151515151515151,0.21212121212121213,0.0,0.48484848484848486,,,,,,,,
checkpoint_trajectory,E0,14,REFERENCE_HARD,33,,191.01088298450816,160.95596313476562,0.11362459262212117,0.1452675841071389,0.8484848484848485,0.15151515151515152,0.0,0.15151515151515152,,,,,,,,
checkpoint_trajectory,E0,0,REFERENCE_MASTERED,43,,0.014013263302162116,0.00539363780990243,0.0,0.0,0.0,0.0,0.0,0.0,,,,,,,,
checkpoint_trajectory,E0,1,REFERENCE_MASTERED,43,,0.010212759091383453,0.002909889444708824,0.0,0.0,0.0,0.0,0.0,0.0,,,,,,,,
checkpoint_trajectory,E0,2,REFERENCE_MASTERED,43,,0.0032373967040384317,0.00232648104429245,0.0,0.0,0.0,0.0,0.0,0.0,,,,,,,,
checkpoint_trajectory,E0,3,REFERENCE_MASTERED,43,,0.0007972746497280029,0.0005233418196439743,0.0,0.0,0.0,0.0,0.0,0.0,,,,,,,,
checkpoint_trajectory,E0,4,REFERENCE_MASTERED,43,,0.0009056269651452123,0.0006732745096087456,0.0,0.0,0.0,0.0,0.0,0.0,,,,,,,,
checkpoint_trajectory,E0,5,REFERENCE_MASTERED,43,,0.0007923361916381996,0.0005643222248181701,0.0,0.0,0.0,0.0,0.0,0.0,,,,,,,,
checkpoint_trajectory,E0,6,REFERENCE_MASTERED,43,,0.0003360260032972884,0.0002700561308301985,0.0,0.0,0.0,0.0,0.0,0.0,,,,,,,,
checkpoint_trajectory,E0,7,REFERENCE_MASTERED,43,,0.0002218404810856703,0.00015106650243978947,0.0,0.0,0.0,0.0,0.0,0.0,,,,,,,,
checkpoint_trajectory,E0,8,REFERENCE_MASTERED,43,,0.00021131438806214434,0.00014017155626788735,0.0,0.0,0.0,0.0,0.0,0.0,,,,,,,,
checkpoint_trajectory,E0,9,REFERENCE_MASTERED,43,,0.00018679889847611098,0.0001338760630460456,0.0,0.0,0.0,0.0,0.0,0.0,,,,,,,,
checkpoint_trajectory,E0,10,REFERENCE_MASTERED,43,,0.0002244388101538535,0.00014293938875198364,0.0,0.0,0.0,0.0,0.0,0.0,,,,,,,,
checkpoint_trajectory,E0,11,REFERENCE_MASTERED,43,,0.000221839779209573,0.00015392793284263462,0.0,0.0,0.0,0.0,0.0,0.0,,,,,,,,
checkpoint_trajectory,E0,12,REFERENCE_MASTERED,43,,0.00029522148779929117,0.00023190851788967848,0.0,0.0,0.0,0.0,0.0,0.0,,,,,,,,
checkpoint_trajectory,E0,13,REFERENCE_MASTERED,43,,0.0003390212213014101,0.00024357391521334648,0.0,0.0,0.0,0.0,0.0,0.0,,,,,,,,
checkpoint_trajectory,E0,14,REFERENCE_MASTERED,43,,0.00029522148779929117,0.00023190851788967848,0.0,0.0,0.0,0.0,0.0,0.0,,,,,,,,
checkpoint_trajectory,E3,0,REFERENCE_HARD,33,,417.52622107303506,411.3255920410156,0.02695143674359177,0.04661045110586918,0.9393939393939394,1.5151515151515151,0.06060606060606061,0.06060606060606061,,,,,,,,
checkpoint_trajectory,E3,1,REFERENCE_HARD,33,,356.3184426047585,349.1192321777344,0.028144099495627663,0.04825231703844937,0.9393939393939394,1.393939393939394,0.06060606060606061,0.06060606060606061,,,,,,,,
checkpoint_trajectory,E3,2,REFERENCE_HARD,33,,303.17084248860675,287.8018493652344,0.0297799932234215,0.048902728340842506,0.9393939393939394,1.0909090909090908,0.06060606060606061,0.06060606060606061,,,,,,,,
checkpoint_trajectory,E3,3,REFERENCE_HARD,33,,268.6014339562618,243.08363342285156,0.0,0.0,1.0,0.48484848484848486,0.0,0.0,,,,,,,,
checkpoint_trajectory,E3,4,REFERENCE_HARD,33,,241.8907909971295,210.88031005859375,0.0,0.0,1.0,0.7272727272727273,0.0,0.0,,,,,,,,
checkpoint_trajectory,E3,5,REFERENCE_HARD,33,,234.62267742734966,196.60646057128906,0.0,0.0,1.0,0.696969696969697,0.0,0.0,,,,,,,,
checkpoint_trajectory,E3,6,REFERENCE_HARD,33,,228.95956559614703,193.26119995117188,0.0,0.0,1.0,0.18181818181818182,0.0,0.0,,,,,,,,
checkpoint_trajectory,E3,7,REFERENCE_HARD,33,,216.6250957142223,178.29034423828125,0.0,0.0,1.0,0.2727272727272727,0.0,0.0,,,,,,,,
checkpoint_trajectory,E3,8,REFERENCE_HARD,33,,207.95478312174478,172.35736083984375,0.0,0.0,1.0,0.24242424242424243,0.0,0.0,,,,,,,,
checkpoint_trajectory,E3,9,REFERENCE_HARD,33,,205.6154988606771,171.98609924316406,0.0,0.0,1.0,0.15151515151515152,0.0,0.0,,,,,,,,
checkpoint_trajectory,E3,10,REFERENCE_HARD,33,,200.69712136008522,166.28518676757812,0.0,0.0,1.0,0.12121212121212122,0.0,0.0,,,,,,,,
checkpoint_trajectory,E3,11,REFERENCE_HARD,33,,194.5746963963364,169.95762634277344,0.0629820426305135,0.08631012837092082,0.9090909090909091,0.18181818181818182,0.0,0.09090909090909091,,,,,,,,
checkpoint_trajectory,E3,12,REFERENCE_HARD,33,,193.6544182517312,163.94805908203125,0.1746609698642384,0.2314425544305281,0.7575757575757576,0.15151515151515152,0.0,0.24242424242424243,,,,,,,,
checkpoint_trajectory,E3,13,REFERENCE_HARD,33,,186.8211274580522,162.49789428710938,0.46126188473267987,0.5618182511040659,0.3939393939393939,0.36363636363636365,0.0,0.6060606060606061,,,,,,,,
checkpoint_trajectory,E3,14,REFERENCE_HARD,33,,184.5262539025509,159.6928253173828,0.5592305633154783,0.6738509011991096,0.2727272727272727,0.24242424242424243,0.0,0.7272727272727273,,,,,,,,
checkpoint_trajectory,E3,0,REFERENCE_MASTERED,43,,0.01945897543783906,0.0055951569229364395,0.0,0.0,0.0,0.046511627906976744,0.0,0.0,,,,,,,,
checkpoint_trajectory,E3,1,REFERENCE_MASTERED,43,,0.007922341346572869,0.003089386969804764,0.0,0.0,0.0,0.0,0.0,0.0,,,,,,,,
checkpoint_trajectory,E3,2,REFERENCE_MASTERED,43,,0.002958102920634109,0.0019094059243798256,0.0,0.0,0.0,0.0,0.0,0.0,,,,,,,,
checkpoint_trajectory,E3,3,REFERENCE_MASTERED,43,,0.0006147132984086395,0.0004838177701458335,0.0,0.0,0.0,0.0,0.0,0.0,,,,,,,,
checkpoint_trajectory,E3,4,REFERENCE_MASTERED,43,,0.0006255909240788369,0.0004565877898130566,0.0,0.0,0.0,0.0,0.0,0.0,,,,,,,,
checkpoint_trajectory,E3,5,REFERENCE_MASTERED,43,,0.0003860363355014733,0.0003377278335392475,0.0,0.0,0.0,0.0,0.0,0.0,,,,,,,,
checkpoint_trajectory,E3,6,REFERENCE_MASTERED,43,,0.0001921912182804717,0.00015422457363456488,0.0,0.0,0.0,0.0,0.0,0.0,,,,,,,,
checkpoint_trajectory,E3,7,REFERENCE_MASTERED,43,,0.0001921776452353549,0.00014199750148691237,0.0,0.0,0.0,0.0,0.0,0.0,,,,,,,,
checkpoint_trajectory,E3,8,REFERENCE_MASTERED,43,,0.0001774849453034031,0.0001341132156085223,0.0,0.0,0.0,0.0,0.0,0.0,,,,,,,,
checkpoint_trajectory,E3,9,REFERENCE_MASTERED,43,,0.00016673329522492105,0.00013370915257837623,0.0,0.0,0.0,0.0,0.0,0.0,,,,,,,,
checkpoint_trajectory,E3,10,REFERENCE_MASTERED,43,,0.0002500871731087479,0.0001557775540277362,0.0,0.0,0.0,0.0,0.0,0.0,,,,,,,,
checkpoint_trajectory,E3,11,REFERENCE_MASTERED,43,,0.00034295907650186224,0.0002362803352298215,0.0,0.0,0.0,0.0,0.0,0.0,,,,,,,,
checkpoint_trajectory,E3,12,REFERENCE_MASTERED,43,,0.00035335241375642634,0.0002642323379404843,0.0,0.0,0.0,0.0,0.0,0.0,,,,,,,,
checkpoint_trajectory,E3,13,REFERENCE_MASTERED,43,,0.0005548179104279857,0.00042184977792203426,0.0,0.0,0.0,0.0,0.0,0.0,,,,,,,,
checkpoint_trajectory,E3,14,REFERENCE_MASTERED,43,,0.00033290799623246974,0.00027578946901485324,0.0,0.0,0.0,0.0,0.0,0.0,,,,,,,,
checkpoint_trajectory,E4,0,REFERENCE_HARD,33,,409.28651936848956,377.4126892089844,0.017879903316497803,0.027161087050582424,0.9696969696969697,1.696969696969697,0.030303030303030304,0.030303030303030304,,,,,,,,
checkpoint_trajectory,E4,1,REFERENCE_HARD,33,,332.6720918597597,296.7275390625,0.010797284769289421,0.019285982305353336,0.9696969696969697,1.3636363636363635,0.030303030303030304,0.030303030303030304,,,,,,,,
checkpoint_trajectory,E4,2,REFERENCE_HARD,33,,273.4868275035511,250.25772094726562,0.0,0.0,1.0,1.0,0.0,0.0,,,,,,,,
checkpoint_trajectory,E4,3,REFERENCE_HARD,33,,243.5965349601977,226.04905700683594,0.04528932318542943,0.06927382765394269,0.9090909090909091,1.0909090909090908,0.09090909090909091,0.09090909090909091,,,,,,,,
checkpoint_trajectory,E4,4,REFERENCE_HARD,33,,220.06091909697562,195.7967529296875,0.05814705653624101,0.06792606910069783,0.9090909090909091,1.1515151515151516,0.09090909090909091,0.09090909090909091,,,,,,,,
checkpoint_trajectory,E4,5,REFERENCE_HARD,33,,208.49472323330966,184.45433044433594,0.06565550059983224,0.07135120305148038,0.9090909090909091,1.121212121212121,0.09090909090909091,0.09090909090909091,,,,,,,,
checkpoint_trajectory,E4,6,REFERENCE_HARD,33,,199.55220262932056,174.41412353515625,0.0,0.0,1.0,0.6666666666666666,0.0,0.0,,,,,,,,
checkpoint_trajectory,E4,7,REFERENCE_HARD,33,,197.89956364487156,165.50706481933594,0.0,0.0,1.0,0.30303030303030304,0.0,0.0,,,,,,,,
checkpoint_trajectory,E4,8,REFERENCE_HARD,33,,191.7464361479788,161.94198608398438,0.0,0.0,1.0,0.30303030303030304,0.0,0.0,,,,,,,,
checkpoint_trajectory,E4,9,REFERENCE_HARD,33,,181.72595492276278,160.3646240234375,0.0,0.0,1.0,0.2727272727272727,0.0,0.0,,,,,,,,
checkpoint_trajectory,E4,10,REFERENCE_HARD,33,,177.6263094815341,158.1980743408203,0.017303719665064957,0.017445802688598633,0.9696969696969697,0.45454545454545453,0.030303030303030304,0.030303030303030304,,,,,,,,
checkpoint_trajectory,E4,11,REFERENCE_HARD,33,,179.30472564697266,158.90673828125,0.24043560028076172,0.3100191643743804,0.6666666666666666,0.3333333333333333,0.030303030303030304,0.3333333333333333,,,,,,,,
checkpoint_trajectory,E4,12,REFERENCE_HARD,33,,174.40357115774444,157.0972900390625,0.4072660442554589,0.49380562883434875,0.45454545454545453,0.5454545454545454,0.030303030303030304,0.5454545454545454,,,,,,,,
checkpoint_trajectory,E4,13,REFERENCE_HARD,33,,168.39975969719166,152.63555908203125,0.605340304699811,0.7354394323898085,0.21212121212121213,1.3333333333333333,0.0,0.7878787878787878,,,,,,,,
checkpoint_trajectory,E4,14,REFERENCE_HARD,33,,160.86054091020063,147.32447814941406,0.6858898536725477,0.8175148945866209,0.12121212121212122,2.5757575757575757,0.0,0.8787878787878788,,,,,,,,
checkpoint_trajectory,E4,0,REFERENCE_MASTERED,43,,0.024486858135110937,0.0034952410496771336,0.0,0.0,0.0,0.046511627906976744,0.0,0.0,,,,,,,,
checkpoint_trajectory,E4,1,REFERENCE_MASTERED,43,,0.009973345370421749,0.0024993950501084328,0.0,0.0,0.0,0.023255813953488372,0.0,0.0,,,,,,,,
checkpoint_trajectory,E4,2,REFERENCE_MASTERED,43,,0.008581947191445114,0.0039971754886209965,0.0,0.0,0.0,0.023255813953488372,0.0,0.0,,,,,,,,
checkpoint_trajectory,E4,3,REFERENCE_MASTERED,43,,0.011261295305218461,0.006882099900394678,0.0,0.0,0.0,0.0,0.0,0.0,,,,,,,,
checkpoint_trajectory,E4,4,REFERENCE_MASTERED,43,,0.007774712206514249,0.003631690051406622,0.0,0.0,0.0,0.0,0.0,0.0,,,,,,,,
checkpoint_trajectory,E4,5,REFERENCE_MASTERED,43,,0.0059522260494833425,0.0031390483491122723,0.0,0.0,0.0,0.0,0.0,0.0,,,,,,,,
checkpoint_trajectory,E4,6,REFERENCE_MASTERED,43,,0.0015788303213031573,0.0010552667081356049,0.0,0.0,0.0,0.0,0.0,0.0,,,,,,,,
checkpoint_trajectory,E4,7,REFERENCE_MASTERED,43,,0.00026049053967865403,0.00020610644423868507,0.0,0.0,0.0,0.0,0.0,0.0,,,,,,,,
checkpoint_trajectory,E4,8,REFERENCE_MASTERED,43,,0.0002598223634481127,0.0002145609469152987,0.0,0.0,0.0,0.0,0.0,0.0,,,,,,,,
checkpoint_trajectory,E4,9,REFERENCE_MASTERED,43,,0.00027163727459400284,0.00021725274564232677,0.0,0.0,0.0,0.0,0.0,0.0,,,,,,,,
checkpoint_trajectory,E4,10,REFERENCE_MASTERED,43,,0.0004094249063285154,0.0003307372098788619,0.0,0.0,0.0,0.0,0.0,0.0,,,,,,,,
checkpoint_trajectory,E4,11,REFERENCE_MASTERED,43,,0.0006105979738031449,0.0003497597936075181,0.0,0.0,0.0,0.046511627906976744,0.0,0.0,,,,,,,,
checkpoint_trajectory,E4,12,REFERENCE_MASTERED,43,,0.00174055561669669,0.000930852082092315,0.0,0.0,0.0,0.16279069767441862,0.0,0.0,,,,,,,,
checkpoint_trajectory,E4,13,REFERENCE_MASTERED,43,,0.010237283344775827,0.0026420769281685352,0.0,0.0,0.0,0.5116279069767442,0.0,0.0,,,,,,,,
checkpoint_trajectory,E4,14,REFERENCE_MASTERED,43,,0.01972581071543594,0.006989911198616028,0.0,0.0,0.0,0.9767441860465116,0.0,0.0,,,,,,,,
checkpoint_trajectory,E5,0,REFERENCE_HARD,33,,420.4100115226977,417.2666015625,0.017852288303953228,0.026708846742456608,0.9696969696969697,1.5454545454545454,0.030303030303030304,0.030303030303030304,,,,,,,,
checkpoint_trajectory,E5,1,REFERENCE_HARD,33,,335.9841280850497,314.7588806152344,0.0,0.0,1.0,1.0909090909090908,0.0,0.0,,,,,,,,
checkpoint_trajectory,E5,2,REFERENCE_HARD,33,,283.5141374992602,262.63555908203125,0.0,0.0,1.0,0.9696969696969697,0.0,0.0,,,,,,,,
checkpoint_trajectory,E5,3,REFERENCE_HARD,33,,252.71664798620975,219.45941162109375,0.0,0.0,1.0,0.9090909090909091,0.0,0.0,,,,,,,,
checkpoint_trajectory,E5,4,REFERENCE_HARD,33,,225.79932889071378,206.1275177001953,0.015193897666353168,0.018192554965163723,0.9696969696969697,0.7272727272727273,0.030303030303030304,0.030303030303030304,,,,,,,,
checkpoint_trajectory,E5,5,REFERENCE_HARD,33,,212.62729945327297,181.80406188964844,0.037624507239370636,0.04221601739074245,0.9393939393939394,0.9090909090909091,0.06060606060606061,0.06060606060606061,,,,,,,,
checkpoint_trajectory,E5,6,REFERENCE_HARD,33,,199.67670856822622,183.00462341308594,0.014930350310874708,0.018340815197337757,0.9696969696969697,0.48484848484848486,0.030303030303030304,0.030303030303030304,,,,,,,,
checkpoint_trajectory,E5,7,REFERENCE_HARD,33,,194.91941209272906,167.28817749023438,0.015475686752434933,0.01858236031098799,0.9696969696969697,0.2727272727272727,0.030303030303030304,0.030303030303030304,,,,,,,,
checkpoint_trajectory,E5,8,REFERENCE_HARD,33,,186.80170394435072,169.6995391845703,0.0,0.0,1.0,0.15151515151515152,0.0,0.0,,,,,,,,
checkpoint_trajectory,E5,9,REFERENCE_HARD,33,,180.22779268206972,160.7100067138672,0.0,0.0,1.0,0.15151515151515152,0.0,0.0,,,,,,,,
checkpoint_trajectory,E5,10,REFERENCE_HARD,33,,175.64968710234672,158.51681518554688,0.0,0.0,1.0,0.42424242424242425,0.0,0.0,,,,,,,,
checkpoint_trajectory,E5,11,REFERENCE_HARD,33,,173.6262354995265,160.8658447265625,0.13253393498334018,0.17503146872375952,0.8181818181818182,0.21212121212121213,0.0,0.18181818181818182,,,,,,,,
checkpoint_trajectory,E5,12,REFERENCE_HARD,33,,171.43739226370147,154.30332946777344,0.24614890597083353,0.3190867846662348,0.6666666666666666,0.24242424242424243,0.0,0.3333333333333333,,,,,,,,
checkpoint_trajectory,E5,13,REFERENCE_HARD,33,,168.23484617291075,153.735107421875,0.5094894532001379,0.6211135206800519,0.3333333333333333,0.5454545454545454,0.0,0.6666666666666666,,,,,,,,
checkpoint_trajectory,E5,14,REFERENCE_HARD,33,,163.49482449618253,150.18218994140625,0.5858768251809207,0.7032775535727992,0.24242424242424243,1.3636363636363635,0.0,0.7575757575757576,,,,,,,,
checkpoint_trajectory,E5,0,REFERENCE_MASTERED,43,,0.012329797399214058,0.0029875715263187885,0.0,0.0,0.0,0.046511627906976744,0.0,0.0,,,,,,,,
checkpoint_trajectory,E5,1,REFERENCE_MASTERED,43,,0.005655451973854174,0.001168111222796142,0.0,0.0,0.0,0.0,0.0,0.0,,,,,,,,
checkpoint_trajectory,E5,2,REFERENCE_MASTERED,43,,0.005774757209596722,0.0019886940717697144,0.0,0.0,0.0,0.023255813953488372,0.0,0.0,,,,,,,,
checkpoint_trajectory,E5,3,REFERENCE_MASTERED,43,,0.009080443497433132,0.001826431485824287,0.0,0.0,0.0,0.0,0.0,0.0,,,,,,,,
checkpoint_trajectory,E5,4,REFERENCE_MASTERED,43,,0.0013143837487130145,0.0008696579025126994,0.0,0.0,0.0,0.0,0.0,0.0,,,,,,,,
checkpoint_trajectory,E5,5,REFERENCE_MASTERED,43,,0.002443197964376575,0.0017915127100422978,0.0,0.0,0.0,0.0,0.0,0.0,,,,,,,,
checkpoint_trajectory,E5,6,REFERENCE_MASTERED,43,,0.0008733664510018993,0.0006719675147905946,0.0,0.0,0.0,0.0,0.0,0.0,,,,,,,,
checkpoint_trajectory,E5,7,REFERENCE_MASTERED,43,,0.0002548316186348106,0.0001994138874579221,0.0,0.0,0.0,0.0,0.0,0.0,,,,,,,,
checkpoint_trajectory,E5,8,REFERENCE_MASTERED,43,,0.00022206088151717775,0.00017271989781875163,0.0,0.0,0.0,0.0,0.0,0.0,,,,,,,,
checkpoint_trajectory,E5,9,REFERENCE_MASTERED,43,,0.00022062937374400018,0.00017209717771038413,0.0,0.0,0.0,0.0,0.0,0.0,,,,,,,,
checkpoint_trajectory,E5,10,REFERENCE_MASTERED,43,,0.0002996673886014452,0.00021186473895795643,0.0,0.0,0.0,0.0,0.0,0.0,,,,,,,,
checkpoint_trajectory,E5,11,REFERENCE_MASTERED,43,,0.00029635145281560634,0.00019401605823077261,0.0,0.0,0.0,0.0,0.0,0.0,,,,,,,,
checkpoint_trajectory,E5,12,REFERENCE_MASTERED,43,,0.0005613512008959904,0.0003107244265265763,0.0,0.0,0.0,0.0,0.0,0.0,,,,,,,,
checkpoint_trajectory,E5,13,REFERENCE_MASTERED,43,,0.0023924009170556483,0.0007432163693010807,0.0,0.0,0.0,0.2558139534883721,0.0,0.0,,,,,,,,
checkpoint_trajectory,E5,14,REFERENCE_MASTERED,43,,0.005804264972793198,0.003260720055550337,0.0,0.0,0.0,0.5116279069767442,0.0,0.0,,,,,,,,
resource_ledger,E3,0,REFERENCE_HARD,33,33,,,,,,,,,1.0,1.0,1.0,1.0,33,33,33.0,0
resource_ledger,E3,0,REFERENCE_MASTERED,43,43,,,,,,,,,1.0,1.0,1.0,1.0,43,43,43.0,0
resource_ledger,E3,0,ALL_TRAIN,128,128,,,,,,,,,1.0,1.0,1.0,1.0,128,128,128.0,0
resource_ledger,E3,1,REFERENCE_HARD,33,33,,,,,,,,,1.0,1.2272727272727273,1.110855716647524,1.110855716647524,33,33,36.658238649368286,0
resource_ledger,E3,1,REFERENCE_MASTERED,43,43,,,,,,,,,1.0,1.0,0.9493498136830885,0.9493498136830885,43,43,40.8220419883728,0
resource_ledger,E3,1,ALL_TRAIN,128,128,,,,,,,,,1.0,1.075,0.9999999739229679,0.9999999739229679,128,128,127.99999666213989,0
resource_ledger,E3,2,REFERENCE_HARD,33,33,,,,,,,,,1.0,1.2545454545454546,1.129382332166036,1.129382332166036,33,33,37.26961696147919,0
resource_ledger,E3,2,REFERENCE_MASTERED,43,43,,,,,,,,,1.0,1.0,0.940249714740487,0.940249714740487,43,43,40.43073773384094,0
resource_ledger,E3,2,ALL_TRAIN,128,128,,,,,,,,,1.0,1.075,0.9999999748542905,0.9999999748542905,128,128,127.99999678134918,0
resource_ledger,E3,3,REFERENCE_HARD,33,33,,,,,,,,,1.0,1.2575757575757576,1.1627646269220295,1.1627646269220295,33,33,38.37123268842697,0
resource_ledger,E3,3,REFERENCE_MASTERED,43,43,,,,,,,,,1.0,0.9162790697674419,0.916487991809845,0.916487991809845,43,43,39.408983647823334,0
resource_ledger,E3,3,ALL_TRAIN,128,128,,,,,,,,,1.0,1.03515625,0.9999999986030161,0.9999999986030161,128,128,127.99999982118607,0
resource_ledger,E3,4,REFERENCE_HARD,33,33,,,,,,,,,1.0,1.2484848484848485,1.1657828200947156,1.1657828200947156,33,33,38.47083306312561,0
resource_ledger,E3,4,REFERENCE_MASTERED,43,43,,,,,,,,,1.0,0.8883720930232558,0.8922860012498013,0.8922860012498013,43,43,38.368298053741455,0
resource_ledger,E3,4,ALL_TRAIN,128,128,,,,,,,,,1.0,1.03046875,1.0000000060535967,1.0000000060535967,128,128,128.00000077486038,0
resource_ledger,E3,5,REFERENCE_HARD,33,33,,,,,,,,,1.0,1.2484848484848485,1.1573683294382962,1.1573683294382962,33,33,38.193154871463776,0
resource_ledger,E3,5,REFERENCE_MASTERED,43,43,,,,,,,,,1.0,0.8744186046511628,0.8959939826366513,0.8959939826366513,43,43,38.52774125337601,0
resource_ledger,E3,5,ALL_TRAIN,128,128,,,,,,,,,1.0,1.02109375,1.0000000069849193,1.0000000069849193,128,128,128.00000089406967,0
resource_ledger,E3,6,REFERENCE_HARD,33,33,,,,,,,,,1.0,1.2484848484848485,1.1389547604503054,1.1389547604503054,33,33,37.58550709486008,0
resource_ledger,E3,6,REFERENCE_MASTERED,43,43,,,,,,,,,1.0,0.8790697674418605,0.9048874877219977,0.9048874877219977,43,43,38.9101619720459,0
resource_ledger,E3,6,ALL_TRAIN,128,128,,,,,,,,,1.0,1.02578125,1.0000000204890966,1.0000000204890966,128,128,128.00000262260437,0
resource_ledger,E3,7,REFERENCE_HARD,33,33,,,,,,,,,1.0,1.2484848484848485,1.1603211597962813,1.1603211597962813,33,33,38.29059827327728,0
resource_ledger,E3,7,REFERENCE_MASTERED,43,43,,,,,,,,,1.0,0.8744186046511628,0.8854572828425917,0.8854572828425917,43,43,38.074663162231445,0
resource_ledger,E3,7,ALL_TRAIN,128,128,,,,,,,,,1.0,1.02265625,1.0000000153668225,1.0000000153668225,128,128,128.00000196695328,0
resource_ledger,E3,8,REFERENCE_HARD,33,33,,,,,,,,,1.0,1.2090909090909092,1.0971306833353909,1.0971306833353909,33,33,36.2053125500679,0
resource_ledger,E3,8,REFERENCE_MASTERED,43,43,,,,,,,,,1.0,1.0,0.954637699348982,0.954637699348982,43,43,41.049421072006226,0
resource_ledger,E3,8,ALL_TRAIN,128,128,,,,,,,,,1.0,1.06328125,0.9999999799765646,0.9999999799765646,128,128,127.99999743700027,0
resource_ledger,E3,9,REFERENCE_HARD,33,33,,,,,,,,,1.0,1.2181818181818183,1.1078153902834111,1.1078153902834111,33,33,36.55790787935257,0
resource_ledger,E3,9,REFERENCE_MASTERED,43,43,,,,,,,,,1.0,1.0,0.9640960693359375,0.9640960693359375,43,43,41.45613098144531,0
resource_ledger,E3,9,ALL_TRAIN,128,128,,,,,,,,,1.0,1.06328125,0.9999999818392098,0.9999999818392098,128,128,127.99999767541885,0
resource_ledger,E3,10,REFERENCE_HARD,33,33,,,,,,,,,1.0,1.2484848484848485,1.1187637376062798,1.1187637376062798,33,33,36.91920334100723,0
resource_ledger,E3,10,REFERENCE_MASTERED,43,43,,,,,,,,,1.0,1.0,0.9571045332176741,0.9571045332176741,43,43,41.155494928359985,0
resource_ledger,E3,10,ALL_TRAIN,128,128,,,,,,,,,1.0,1.0671875,0.9999999841675162,0.9999999841675162,128,128,127.99999797344208,0
resource_ledger,E3,11,REFERENCE_HARD,33,33,,,,,,,,,1.0,1.215151515151515,1.13162848443696,1.13162848443696,33,33,37.34373998641968,0
resource_ledger,E3,11,REFERENCE_MASTERED,43,43,,,,,,,,,1.0,0.8744186046511628,0.8943710535071617,0.8943710535071617,43,43,38.45795530080795,0
resource_ledger,E3,11,ALL_TRAIN,128,128,,,,,,,,,1.0,1.01875,1.0000000107102096,1.0000000107102096,128,128,128.00000137090683,0
resource_ledger,E3,12,REFERENCE_HARD,33,33,,,,,,,,,1.0,1.2090909090909092,1.105212182709665,1.105212182709665,33,33,36.472002029418945,0
resource_ledger,E3,12,REFERENCE_MASTERED,43,43,,,,,,,,,1.0,0.9302325581395349,0.9177995823150458,0.9177995823150458,43,43,39.46538203954697,0
resource_ledger,E3,12,ALL_TRAIN,128,128,,,,,,,,,1.0,1.03515625,1.0000000139698386,1.0000000139698386,128,128,128.00000178813934,0
resource_ledger,E3,13,REFERENCE_HARD,33,33,,,,,,,,,1.0,1.2242424242424244,1.127663549148675,1.127663549148675,33,33,37.21289712190628,0
resource_ledger,E3,13,REFERENCE_MASTERED,43,43,,,,,,,,,1.0,0.9302325581395349,0.9148772566817528,0.9148772566817528,43,43,39.33972203731537,0
resource_ledger,E3,13,ALL_TRAIN,128,128,,,,,,,,,1.0,1.0390625,1.0000000018626451,1.0000000018626451,128,128,128.00000023841858,0
resource_ledger,E3,14,REFERENCE_HARD,33,33,,,,,,,,,1.0,1.2393939393939395,1.1191321484970325,1.1191321484970325,33,33,36.93136090040207,0
resource_ledger,E3,14,REFERENCE_MASTERED,43,43,,,,,,,,,1.0,0.9302325581395349,0.9264416431271753,0.9264416431271753,43,43,39.836990654468536,0
resource_ledger,E3,14,ALL_TRAIN,128,128,,,,,,,,,1.0,1.04453125,1.0000000190921128,1.0000000190921128,128,128,128.00000244379044,0
resource_ledger,E4,0,REFERENCE_HARD,33,25,,,,,,,,,1.0909090909090908,1.0,,,36,36,0,0
resource_ledger,E4,0,REFERENCE_MASTERED,43,29,,,,,,,,,0.9767441860465116,1.0,,,42,42,0,0
resource_ledger,E4,0,ALL_TRAIN,128,92,,,,,,,,,1.0,1.0,,,128,128,0,0
resource_ledger,E4,1,REFERENCE_HARD,33,28,,,,,,,,,1.6363636363636365,1.0,,,54,54,0,0
resource_ledger,E4,1,REFERENCE_MASTERED,43,26,,,,,,,,,0.627906976744186,1.0,,,27,27,0,0
resource_ledger,E4,1,ALL_TRAIN,128,90,,,,,,,,,1.0,1.0,,,128,128,0,0
resource_ledger,E4,2,REFERENCE_HARD,33,26,,,,,,,,,1.5454545454545454,1.0,,,51,51,0,0
resource_ledger,E4,2,REFERENCE_MASTERED,43,28,,,,,,,,,0.7209302325581395,1.0,,,31,31,0,0
resource_ledger,E4,2,ALL_TRAIN,128,89,,,,,,,,,1.0,1.0,,,128,128,0,0
resource_ledger,E4,3,REFERENCE_HARD,33,29,,,,,,,,,1.6363636363636365,1.0,,,54,54,0,0
resource_ledger,E4,3,REFERENCE_MASTERED,43,29,,,,,,,,,0.7906976744186046,1.0,,,34,34,0,0
resource_ledger,E4,3,ALL_TRAIN,128,87,,,,,,,,,1.0,1.0,,,128,128,0,0
resource_ledger,E4,4,REFERENCE_HARD,33,25,,,,,,,,,1.4242424242424243,1.0,,,47,47,0,0
resource_ledger,E4,4,REFERENCE_MASTERED,43,27,,,,,,,,,0.7441860465116279,1.0,,,32,32,0,0
resource_ledger,E4,4,ALL_TRAIN,128,91,,,,,,,,,1.0,1.0,,,128,128,0,0
resource_ledger,E4,5,REFERENCE_HARD,33,23,,,,,,,,,1.3636363636363635,1.0,,,45,45,0,0
resource_ledger,E4,5,REFERENCE_MASTERED,43,35,,,,,,,,,0.9302325581395349,1.0,,,40,40,0,0
resource_ledger,E4,5,ALL_TRAIN,128,92,,,,,,,,,1.0,1.0,,,128,128,0,0
resource_ledger,E4,6,REFERENCE_HARD,33,26,,,,,,,,,1.4848484848484849,1.0,,,49,49,0,0
resource_ledger,E4,6,REFERENCE_MASTERED,43,29,,,,,,,,,0.9302325581395349,1.0,,,40,40,0,0
resource_ledger,E4,6,ALL_TRAIN,128,88,,,,,,,,,1.0,1.0,,,128,128,0,0
resource_ledger,E4,7,REFERENCE_HARD,33,23,,,,,,,,,1.4242424242424243,1.0,,,47,47,0,0
resource_ledger,E4,7,REFERENCE_MASTERED,43,28,,,,,,,,,0.8604651162790697,1.0,,,37,37,0,0
resource_ledger,E4,7,ALL_TRAIN,128,86,,,,,,,,,1.0,1.0,,,128,128,0,0
resource_ledger,E4,8,REFERENCE_HARD,33,27,,,,,,,,,1.5757575757575757,1.0,,,52,52,0,0
resource_ledger,E4,8,REFERENCE_MASTERED,43,29,,,,,,,,,0.9534883720930233,1.0,,,41,41,0,0
resource_ledger,E4,8,ALL_TRAIN,128,85,,,,,,,,,1.0,1.0,,,128,128,0,0
resource_ledger,E4,9,REFERENCE_HARD,33,28,,,,,,,,,1.5151515151515151,1.0,,,50,50,0,0
resource_ledger,E4,9,REFERENCE_MASTERED,43,29,,,,,,,,,0.9302325581395349,1.0,,,40,40,0,0
resource_ledger,E4,9,ALL_TRAIN,128,88,,,,,,,,,1.0,1.0,,,128,128,0,0
resource_ledger,E4,10,REFERENCE_HARD,33,29,,,,,,,,,1.5757575757575757,1.0,,,52,52,0,0
resource_ledger,E4,10,REFERENCE_MASTERED,43,31,,,,,,,,,0.9302325581395349,1.0,,,40,40,0,0
resource_ledger,E4,10,ALL_TRAIN,128,90,,,,,,,,,1.0,1.0,,,128,128,0,0
resource_ledger,E4,11,REFERENCE_HARD,33,28,,,,,,,,,1.6363636363636365,1.0,,,54,54,0,0
resource_ledger,E4,11,REFERENCE_MASTERED,43,27,,,,,,,,,0.7209302325581395,1.0,,,31,31,0,0
resource_ledger,E4,11,ALL_TRAIN,128,88,,,,,,,,,1.0,1.0,,,128,128,0,0
resource_ledger,E4,12,REFERENCE_HARD,33,26,,,,,,,,,1.5454545454545454,1.0,,,51,51,0,0
resource_ledger,E4,12,REFERENCE_MASTERED,43,28,,,,,,,,,0.7674418604651163,1.0,,,33,33,0,0
resource_ledger,E4,12,ALL_TRAIN,128,93,,,,,,,,,1.0,1.0,,,128,128,0,0
resource_ledger,E4,13,REFERENCE_HARD,33,28,,,,,,,,,1.5151515151515151,1.0,,,50,50,0,0
resource_ledger,E4,13,REFERENCE_MASTERED,43,26,,,,,,,,,0.8372093023255814,1.0,,,36,36,0,0
resource_ledger,E4,13,ALL_TRAIN,128,90,,,,,,,,,1.0,1.0,,,128,128,0,0
resource_ledger,E4,14,REFERENCE_HARD,33,26,,,,,,,,,1.5151515151515151,1.0,,,50,50,0,0
resource_ledger,E4,14,REFERENCE_MASTERED,43,30,,,,,,,,,0.7906976744186046,1.0,,,34,34,0,0
resource_ledger,E4,14,ALL_TRAIN,128,96,,,,,,,,,1.0,1.0,,,128,128,0,0
resource_ledger,E5,0,REFERENCE_HARD,33,25,,,,,,,,,1.0909090909090908,1.0,0.9866666603088379,1.3888888740539551,36,36,59.833332777023315,9
resource_ledger,E5,0,REFERENCE_MASTERED,43,29,,,,,,,,,0.9767441860465116,1.0,1.018199203343227,1.475095740680037,42,42,69.27777564525604,0
resource_ledger,E5,0,ALL_TRAIN,128,92,,,,,,,,,1.0,1.0,1.0084540856921154,1.3913043167280115,128,128,205.11110663414001,12
resource_ledger,E5,1,REFERENCE_HARD,33,26,,,,,,,,,1.696969696969697,1.1727272727272728,0.967209919140889,1.8425633678069482,56,56,121.34169399738312,35
resource_ledger,E5,1,REFERENCE_MASTERED,43,26,,,,,,,,,0.627906976744186,1.0,1.0260013777476091,1.0633345819436586,27,27,29.588025748729706,0
resource_ledger,E5,1,ALL_TRAIN,128,87,,,,,,,,,1.0,1.05390625,1.0130952743963264,1.3923042587850285,128,128,218.77950090169907,41
resource_ledger,E5,2,REFERENCE_HARD,33,26,,,,,,,,,1.6363636363636365,1.1818181818181819,0.9857446459623483,1.803039917579064,54,54,115.92601144313812,32
resource_ledger,E5,2,REFERENCE_MASTERED,43,28,,,,,,,,,0.7209302325581395,1.0,1.019493464912687,1.1271866645131792,31,31,37.59204578399658,0
resource_ledger,E5,2,ALL_TRAIN,128,89,,,,,,,,,1.0,1.05625,1.008703545238195,1.3753904753856445,128,128,214.22764533758163,33
resource_ledger,E5,3,REFERENCE_HARD,33,28,,,,,,,,,1.6666666666666667,1.190909090909091,1.0066008801971162,1.7927283644676208,55,55,116.30286717414856,29
resource_ledger,E5,3,REFERENCE_MASTERED,43,30,,,,,,,,,0.9069767441860465,0.9720930232558139,0.9391149934795168,1.1673497272862328,39,39,54.06053555011749,6
resource_ledger,E5,3,ALL_TRAIN,128,88,,,,,,,,,1.0,1.03984375,0.9951225497731657,1.3670689752607634,128,128,213.19393426179886,35
resource_ledger,E5,4,REFERENCE_HARD,33,24,,,,,,,,,1.4242424242424243,1.2,1.0380063404639561,1.835654392838478,47,47,100.8428121805191,27
resource_ledger,E5,4,REFERENCE_MASTERED,43,27,,,,,,,,,0.7674418604651163,0.9674418604651163,0.9902543326218923,1.1740224449722856,33,33,44.81831485033035,3
resource_ledger,E5,4,ALL_TRAIN,128,89,,,,,,,,,1.0,1.0390625,1.0142792778068714,1.3836739900406827,128,128,214.34547489881516,36
resource_ledger,E5,5,REFERENCE_HARD,33,23,,,,,,,,,1.3636363636363635,1.2090909090909092,1.0618144247842871,1.689913703047711,45,45,92.55224883556366,24
resource_ledger,E5,5,REFERENCE_MASTERED,43,36,,,,,,,,,0.9767441860465116,0.9395348837209302,1.0110059946223542,1.1591945428539205,42,42,53.96130836009979,1
resource_ledger,E5,5,ALL_TRAIN,128,92,,,,,,,,,1.0,1.03359375,1.0271896286935047,1.3152598105910895,128,128,205.77787899971008,33
resource_ledger,E5,6,REFERENCE_HARD,33,29,,,,,,,,,1.5454545454545454,1.2272727272727273,1.097010715254422,1.8641967609010894,51,51,107.30849695205688,21
resource_ledger,E5,6,REFERENCE_MASTERED,43,28,,,,,,,,,0.8837209302325582,0.9348837209302325,0.9598553063614028,1.2692409328051977,38,38,54.53100794553757,3
resource_ledger,E5,6,ALL_TRAIN,128,88,,,,,,,,,1.0,1.0359375,1.0132300967745709,1.4442579238252207,128,128,218.22277069091797,31
resource_ledger,E5,7,REFERENCE_HARD,33,25,,,,,,,,,1.4242424242424243,1.1818181818181819,1.075680775642395,1.83945965051651,47,47,99.59210187196732,22
resource_ledger,E5,7,REFERENCE_MASTERED,43,29,,,,,,,,,0.9302325581395349,0.9302325581395349,0.9758939208655522,1.3124802133132671,40,40,61.333931148052216,4
resource_ledger,E5,7,ALL_TRAIN,128,89,,,,,,,,,1.0,1.02109375,1.0260180098733651,1.4119199047820845,128,128,216.74953681230545,30
resource_ledger,E5,8,REFERENCE_HARD,33,28,,,,,,,,,1.6363636363636365,1.2,1.0167647451162338,1.8335994631052017,54,54,115.16686290502548,30
resource_ledger,E5,8,REFERENCE_MASTERED,43,29,,,,,,,,,0.9767441860465116,0.9069767441860466,0.961544053307895,1.3354495003305633,42,42,67.31375795602798,7
resource_ledger,E5,8,ALL_TRAIN,128,88,,,,,,,,,1.0,1.02265625,1.0122428634627298,1.407078061591495,128,128,218.2964045405388,37
resource_ledger,E5,9,REFERENCE_HARD,33,27,,,,,,,,,1.5151515151515151,1.2,1.0507265505967316,1.7256302480344419,50,50,103.20348334312439,28
resource_ledger,E5,9,REFERENCE_MASTERED,43,27,,,,,,,,,0.8372093023255814,0.9767441860465116,1.0078104314980683,1.228460349418499,36,36,53.41685837507248,6
resource_ledger,E5,9,ALL_TRAIN,128,85,,,,,,,,,1.0,1.0453125,1.0079601421075708,1.3772340346785152,128,128,221.42478853464127,49
resource_ledger,E5,10,REFERENCE_HARD,33,30,,,,,,,,,1.4848484848484849,1.190909090909091,1.084214981396993,1.6953238685925802,49,49,96.69291603565216,18
resource_ledger,E5,10,REFERENCE_MASTERED,43,30,,,,,,,,,0.9302325581395349,0.9069767441860466,0.9581622617112265,1.2478922737969294,40,40,56.41652864217758,2
resource_ledger,E5,10,ALL_TRAIN,128,91,,,,,,,,,1.0,1.02421875,1.0137549225008968,1.3845533916365096,128,128,209.6589732170105,27
resource_ledger,E5,11,REFERENCE_HARD,33,27,,,,,,,,,1.5757575757575757,1.1848484848484848,1.0458151985097814,1.853772900722645,52,52,111.76491796970367,32
resource_ledger,E5,11,REFERENCE_MASTERED,43,30,,,,,,,,,0.9302325581395349,0.8790697674418605,0.9653380943669213,1.2482268340057796,40,40,57.69113224744797,4
resource_ledger,E5,11,ALL_TRAIN,128,89,,,,,,,,,1.0,1.0109375,1.014686427536082,1.392606128690841,128,128,215.8993223309517,42
resource_ledger,E5,12,REFERENCE_HARD,33,26,,,,,,,,,1.5757575757575757,1.193939393939394,1.0360183349022498,1.8710127106079688,52,52,112.39937174320221,30
resource_ledger,E5,12,REFERENCE_MASTERED,43,25,,,,,,,,,0.813953488372093,0.8651162790697675,0.9196518111228943,1.2599803193410237,35,35,51.73094081878662,4
resource_ledger,E5,12,ALL_TRAIN,128,88,,,,,,,,,1.0,1.01015625,1.0022220736877485,1.38846965359919,128,128,215.37991148233414,39
resource_ledger,E5,13,REFERENCE_HARD,33,27,,,,,,,,,1.5151515151515151,1.193939393939394,1.0512645774417453,1.834726717736986,50,50,106.01124393939972,28
resource_ledger,E5,13,REFERENCE_MASTERED,43,28,,,,,,,,,0.8604651162790697,0.8790697674418605,0.9385412707924843,1.226606248390107,37,37,53.72709780931473,4
resource_ledger,E5,13,ALL_TRAIN,128,91,,,,,,,,,1.0,1.01484375,1.0113798961752938,1.3712658960740645,128,128,213.1069285273552,38
resource_ledger,E5,14,REFERENCE_HARD,33,25,,,,,,,,,1.5151515151515151,1.193939393939394,1.0131663179397583,1.8171975636482238,50,50,107.7148352265358,33
resource_ledger,E5,14,REFERENCE_MASTERED,43,26,,,,,,,,,0.8372093023255814,0.9162790697674419,0.9811350707060251,1.326463757417141,36,36,55.637068808078766,4
resource_ledger,E5,14,ALL_TRAIN,128,90,,,,,,,,,1.0,1.02890625,1.0148808149275956,1.3588177815631584,128,128,213.22750759124756,41
