epoch,step,train/cardinality_error,train/cardinality_error_0,train/cardinality_error_1,train/cardinality_error_2,train/cardinality_error_enc,train/class_error,train/loss,train/loss_bbox,train/loss_bbox_0,train/loss_bbox_1,train/loss_bbox_2,train/loss_bbox_enc,train/loss_ce,train/loss_ce_0,train/loss_ce_1,train/loss_ce_2,train/loss_ce_enc,train/loss_giou,train/loss_giou_0,train/loss_giou_1,train/loss_giou_2,train/loss_giou_enc,train/loss_mask_ce,train/loss_mask_ce_0,train/loss_mask_ce_1,train/loss_mask_ce_2,train/loss_mask_ce_enc,train/loss_mask_dice,train/loss_mask_dice_0,train/loss_mask_dice_1,train/loss_mask_dice_2,train/loss_mask_dice_enc,train/lr,train/lr_max,train/lr_min,val/AP/anomaly,val/F1,val/cardinality_error,val/cardinality_error_0,val/cardinality_error_1,val/cardinality_error_2,val/cardinality_error_enc,val/class_error,val/loss,val/loss_bbox,val/loss_bbox_0,val/loss_bbox_1,val/loss_bbox_2,val/loss_bbox_enc,val/loss_ce,val/loss_ce_0,val/loss_ce_1,val/loss_ce_2,val/loss_ce_enc,val/loss_giou,val/loss_giou_0,val/loss_giou_1,val/loss_giou_2,val/loss_giou_enc,val/loss_mask_ce,val/loss_mask_ce_0,val/loss_mask_ce_1,val/loss_mask_ce_2,val/loss_mask_ce_enc,val/loss_mask_dice,val/loss_mask_dice_0,val/loss_mask_dice_1,val/loss_mask_dice_2,val/loss_mask_dice_enc,val/mAP_50,val/mAP_50_95,val/mAP_75,val/mAR,val/precision,val/recall,val/segm_mAP_50,val/segm_mAP_50_95
0,31,,,,,,,,,,,,,,,,,,,,,,,,,,,,,,,,,,,,0.01622842252254486,0.07092198729515076,0.5862069129943848,0.5862069129943848,0.5862069129943848,0.5862069129943848,0.5862069129943848,86.20689392089844,26.18941879272461,0.12066221982240677,0.14823371171951294,0.16303688287734985,0.12630832195281982,0.18575148284435272,0.9188975691795349,0.9024428129196167,0.8646852970123291,0.8976709246635437,0.8558274507522583,0.34977078437805176,0.4018518924713135,0.41118648648262024,0.3727697730064392,0.481710821390152,0.11773886531591415,0.13003025949001312,0.11871123313903809,0.10122136771678925,0.11242605745792389,0.3702235519886017,0.48227164149284363,0.439079612493515,0.4331793487071991,0.4941892921924591,0.03163405507802963,0.01622842252254486,0.013472418300807476,0.09705882519483566,0.04672897234559059,0.14705882966518402,0.023334119468927383,0.014046047814190388
0,31,0.5390625,0.5390625,0.5390625,0.5390625,0.5390625,96.75480651855469,25.49999237060547,0.14517925679683685,0.20698024332523346,0.18057690560817719,0.15346437692642212,0.20926453173160553,0.779718279838562,0.7349299788475037,0.7506741285324097,0.7681723237037659,0.7416315674781799,0.412648469209671,0.5165099501609802,0.4605889916419983,0.4335469603538513,0.5273207426071167,0.09713872522115707,0.09283589571714401,0.09787999093532562,0.093849316239357,0.11887570470571518,0.3825848698616028,0.40855035185813904,0.39046478271484375,0.38493430614471436,0.4421478509902954,,,,,,,,,,,,,,,,,,,,,,,,,,,,,,,,,,,,,,,,,,,,,
1,49,,,,,,,,,,,,,,,,,,,,,,,,,,,,,,,,,9.999999747378752e-06,9.999999747378752e-06,3.2325641541319783e-07,,,,,,,,,,,,,,,,,,,,,,,,,,,,,,,,,,,,,,,,,,
1,63,,,,,,,,,,,,,,,,,,,,,,,,,,,,,,,,,,,,0.01653706096112728,0.07207207381725311,0.5862069129943848,0.5862069129943848,0.5862069129943848,0.5862069129943848,0.5862069129943848,86.20689392089844,23.882287979125977,0.10921342670917511,0.14250989258289337,0.14245426654815674,0.11071126908063889,0.15458713471889496,0.9160082340240479,0.913799524307251,0.8767459988594055,0.9348130226135254,0.9341162443161011,0.35897865891456604,0.40236377716064453,0.40663737058639526,0.3237135112285614,0.41275426745414734,0.09130401164293289,0.1078539565205574,0.11351568251848221,0.09998717904090881,0.1035987064242363,0.36390626430511475,0.42570504546165466,0.36618807911872864,0.34976252913475037,0.41828471422195435,0.042675506323575974,0.01653706096112728,0.015729885548353195,0.14411765336990356,0.042553190141916275,0.23529411852359772,0.026112301275134087,0.014037629589438438
1,63,0.65625,0.65625,0.65625,0.65625,0.65625,95.23236846923828,22.208648681640625,0.09883218258619308,0.15387672185897827,0.13420848548412323,0.11244018375873566,0.1730089634656906,0.8710951209068298,0.8355392217636108,0.8283658027648926,0.8476988673210144,0.8317862749099731,0.3325812816619873,0.4192819595336914,0.38450008630752563,0.36026909947395325,0.4523279666900635,0.08120230585336685,0.0798637792468071,0.0815841555595398,0.07642743736505508,0.10290180146694183,0.3136485815048218,0.35598626732826233,0.33481404185295105,0.3187611699104309,0.4016927182674408,,,,,,,,,,,,,,,,,,,,,,,,,,,,,,,,,,,,,,,,,,,,,
2,95,,,,,,,,,,,,,,,,,,,,,,,,,,,,,,,,,,,,0.023561863228678703,0.05818181857466698,0.5862069129943848,0.5862069129943848,0.5862069129943848,0.5862069129943848,0.5862069129943848,86.20689392089844,22.23490333557129,0.11162859946489334,0.15088078379631042,0.14451318979263306,0.11182278394699097,0.16238191723823547,0.9189784526824951,0.9274255633354187,0.9092738628387451,0.953069806098938,0.9309770464897156,0.34913599491119385,0.3908684253692627,0.3709714710712433,0.304779976606369,0.41430437564849854,0.0836271271109581,0.07847056537866592,0.07986554503440857,0.08759283274412155,0.10610561072826385,0.30546632409095764,0.34154489636421204,0.28804388642311096,0.31498420238494873,0.42008283734321594,0.060679495334625244,0.023561863228678703,0.02408270165324211,0.16764706373214722,0.033195022493600845,0.23529411852359772,0.03323795273900032,0.019158221781253815
2,95,0.5546875,0.5546875,0.5546875,0.5546875,0.5546875,95.03205108642578,21.291471481323242,0.09209146350622177,0.12352460622787476,0.10540022701025009,0.0997229591012001,0.1411508023738861,0.8537495136260986,0.8326168060302734,0.8387884497642517,0.8392394781112671,0.8228382468223572,0.3023448884487152,0.37067121267318726,0.32679781317710876,0.32083144783973694,0.41932955384254456,0.07382176071405411,0.08510693907737732,0.08002826571464539,0.07537747919559479,0.10437440127134323,0.3103158175945282,0.3555474281311035,0.33192455768585205,0.32717031240463257,0.4193008542060852,,,,,,,,,,,,,,,,,,,,,,,,,,,,,,,,,,,,,,,,,,,,,
3,99,,,,,,,,,,,,,,,,,,,,,,,,,,,,,,,,,9.999999747378752e-06,9.999999747378752e-06,3.2325641541319783e-07,,,,,,,,,,,,,,,,,,,,,,,,,,,,,,,,,,,,,,,,,,
3,127,,,,,,,,,,,,,,,,,,,,,,,,,,,,,,,,,,,,0.03349664434790611,0.05206073820590973,0.5862069129943848,0.5862069129943848,0.5862069129943848,0.5862069129943848,0.5862069129943848,86.20689392089844,21.639257431030273,0.09762344509363174,0.13059163093566895,0.09914693981409073,0.07899937778711319,0.14281731843948364,0.9655379056930542,0.944664478302002,0.9037684202194214,0.9840444326400757,0.8975324034690857,0.31818094849586487,0.3748400807380676,0.38406699895858765,0.29091766476631165,0.4829626977443695,0.08419348299503326,0.08474139869213104,0.09401863813400269,0.07772349566221237,0.08889475464820862,0.31360626220703125,0.328967422246933,0.353646844625473,0.29942989349365234,0.3739534616470337,0.07414759695529938,0.03349664434790611,0.034448567777872086,0.22058823704719543,0.028103044256567955,0.3529411852359772,0.04748649150133133,0.02783580683171749
3,127,0.6015625,0.6015625,0.6015625,0.6015625,0.6015625,96.11377716064453,18.927698135375977,0.06747549027204514,0.09759173542261124,0.09064294397830963,0.07566459476947784,0.13274288177490234,0.9927266836166382,0.9751799702644348,0.9500557780265808,0.971809446811676,0.9410048127174377,0.23126427829265594,0.2850235104560852,0.28320834040641785,0.24811312556266785,0.35393691062927246,0.07260838150978088,0.0726976990699768,0.076865054666996,0.07134853303432465,0.08439455926418304,0.2569536864757538,0.2893306314945221,0.26961174607276917,0.26417481899261475,0.3366630971431732,,,,,,,,,,,,,,,,,,,,,,,,,,,,,,,,,,,,,,,,,,,,,
4,149,,,,,,,,,,,,,,,,,,,,,,,,,,,,,,,,,9.999999747378752e-06,9.999999747378752e-06,3.2325641541319783e-07,,,,,,,,,,,,,,,,,,,,,,,,,,,,,,,,,,,,,,,,,,
4,159,,,,,,,,,,,,,,,,,,,,,,,,,,,,,,,,,,,,0.10358370095491409,0.02590673603117466,0.5862069129943848,0.5862069129943848,0.5862069129943848,0.5862069129943848,0.5862069129943848,79.31034851074219,20.373977661132812,0.07112502306699753,0.1086069718003273,0.09952908754348755,0.07360045611858368,0.1448906660079956,1.054801106452942,0.9678611159324646,1.0057259798049927,1.0415070056915283,0.9757322669029236,0.24507102370262146,0.35529783368110657,0.2928861975669861,0.24240224063396454,0.39593222737312317,0.0710417702794075,0.08292349427938461,0.06999470293521881,0.07928461581468582,0.08039028942584991,0.2557545006275177,0.3847310245037079,0.2990601360797882,0.2775958776473999,0.3545050024986267,0.18073149025440216,0.10358370095491409,0.10900039970874786,0.45588234066963196,0.013245033100247383,0.5882353186607361,0.09823215007781982,0.0333920381963253
4,159,0.5625,0.5625,0.5625,0.5625,0.5625,94.75160217285156,15.649520874023438,0.04393111914396286,0.06303956359624863,0.057932738214731216,0.05069846659898758,0.08897802978754044,1.0066032409667969,0.9998862743377686,0.973933756351471,0.9934915900230408,0.9789719581604004,0.19103136658668518,0.23329666256904602,0.2272629737854004,0.20489728450775146,0.30115628242492676,0.048850663006305695,0.05200909078121185,0.05295170098543167,0.05122529715299606,0.06170372664928436,0.20059743523597717,0.22676031291484833,0.2127019762992859,0.2002408802509308,0.26464787125587463,,,,,,,,,,,,,,,,,,,,,,,,,,,,,,,,,,,,,,,,,,,,,
5,191,,,,,,,,,,,,,,,,,,,,,,,,,,,,,,,,,,,,0.10124955326318741,0.02109300158917904,0.5862069129943848,0.5862069129943848,0.5862069129943848,0.5862069129943848,0.5862069129943848,68.39080810546875,19.478330612182617,0.07407353073358536,0.09645248204469681,0.08465219289064407,0.07958944141864777,0.11651311814785004,1.0682510137557983,1.0155154466629028,1.025469183921814,1.0519989728927612,1.0307749509811401,0.23864847421646118,0.31637054681777954,0.28482502698898315,0.24253441393375397,0.3498461842536926,0.07842497527599335,0.08068829029798508,0.06380535662174225,0.06376628577709198,0.07981672883033752,0.2639775276184082,0.34880760312080383,0.2615838944911957,0.2550547122955322,0.3371680676937103,0.17663881182670593,0.10124955326318741,0.11513103544712067,0.4852941036224365,0.010721247643232346,0.6470588445663452,0.08794484287500381,0.03008573316037655
5,191,0.5703125,0.5703125,0.5703125,0.5703125,0.5703125,80.04808044433594,16.152620315551758,0.04076572135090828,0.058789946138858795,0.05436147004365921,0.04708248749375343,0.08436723053455353,1.0400806665420532,1.0204802751541138,1.0126436948776245,1.010169267654419,1.0133602619171143,0.17023777961730957,0.21132154762744904,0.19813966751098633,0.19350548088550568,0.26358118653297424,0.06174897029995918,0.06845605373382568,0.06445232778787613,0.0599692203104496,0.07049722969532013,0.2193591147661209,0.24194122850894928,0.22488434612751007,0.22315767407417297,0.27662986516952515,,,,,,,,,,,,,,,,,,,,,,,,,,,,,,,,,,,,,,,,,,,,,
6,199,,,,,,,,,,,,,,,,,,,,,,,,,,,,,,,,,9.999999747378752e-06,9.999999747378752e-06,3.2325641541319783e-07,,,,,,,,,,,,,,,,,,,,,,,,,,,,,,,,,,,,,,,,,,
6,223,,,,,,,,,,,,,,,,,,,,,,,,,,,,,,,,,,,,0.1509578824043274,0.01751824840903282,0.5862069129943848,0.5862069129943848,0.5862069129943848,0.5862069129943848,0.5862069129943848,63.79310607910156,19.063838958740234,0.06591274589300156,0.08042245358228683,0.08438423275947571,0.07560395449399948,0.12222392112016678,1.09197199344635,1.0613954067230225,1.0483253002166748,1.074670672416687,0.9725559949874878,0.23704072833061218,0.2805604338645935,0.25981849431991577,0.23346595466136932,0.41215208172798157,0.07255285978317261,0.06577757745981216,0.06826726347208023,0.06153619661927223,0.08177270740270615,0.23763307929039001,0.3123568296432495,0.27675682306289673,0.22900231182575226,0.35956546664237976,0.25736671686172485,0.1509578824043274,0.1743764877319336,0.5235294103622437,0.008869179524481297,0.7058823704719543,0.12266217172145844,0.05162162333726883
6,223,0.625,0.625,0.625,0.625,0.625,72.6963119506836,15.17509651184082,0.03735090047121048,0.05831711366772652,0.04270240291953087,0.04295382648706436,0.08412804454565048,1.0017236471176147,0.9741443395614624,0.9796056747436523,0.9780905246734619,0.9549104571342468,0.15105286240577698,0.1975499391555786,0.17388445138931274,0.1719326227903366,0.2555854618549347,0.055586375296115875,0.05565185844898224,0.05720425397157669,0.05572005361318588,0.06003086641430855,0.21246878802776337,0.2260267287492752,0.2162160873413086,0.21305891871452332,0.259906142950058,,,,,,,,,,,,,,,,,,,,,,,,,,,,,,,,,,,,,,,,,,,,,
7,249,,,,,,,,,,,,,,,,,,,,,,,,,,,,,,,,,9.999999747378752e-06,9.999999747378752e-06,3.2325641541319783e-07,,,,,,,,,,,,,,,,,,,,,,,,,,,,,,,,,,,,,,,,,,
7,255,,,,,,,,,,,,,,,,,,,,,,,,,,,,,,,,,,,,0.16534540057182312,0.01622464880347252,0.5862069129943848,0.5862069129943848,0.5862069129943848,0.5862069129943848,0.5862069129943848,60.9195442199707,18.44383430480957,0.05526217818260193,0.10360247641801834,0.07059385627508163,0.06754457950592041,0.10797438025474548,1.1255866289138794,1.0469897985458374,1.0716520547866821,1.1004787683486938,1.0564769506454468,0.21766404807567596,0.29148465394973755,0.24954111874103546,0.22080488502979279,0.32270264625549316,0.06943122297525406,0.07372236996889114,0.06691847741603851,0.06833112984895706,0.07401295006275177,0.2474045753479004,0.3072916865348816,0.23447827994823456,0.26269978284835815,0.27838343381881714,0.2553301751613617,0.16534540057182312,0.1864480823278427,0.6029411554336548,0.008199306204915047,0.7647058963775635,0.1438010036945343,0.07778523117303848
7,255,0.640625,0.640625,0.640625,0.640625,0.640625,74.9599380493164,14.164112091064453,0.028070788830518723,0.04306675121188164,0.03880879655480385,0.03102624975144863,0.07853002101182938,1.1722676753997803,1.1360751390457153,1.1258432865142822,1.147557258605957,1.089416742324829,0.10749653726816177,0.14287005364894867,0.13666774332523346,0.11889886111021042,0.2299124151468277,0.041845809668302536,0.04956042021512985,0.04655963554978371,0.044035933911800385,0.05537490174174309,0.17186583578586578,0.19195008277893066,0.18319621682167053,0.17232371866703033,0.22803722321987152,,,,,,,,,,,,,,,,,,,,,,,,,,,,,,,,,,,,,,,,,,,,,
8,287,,,,,,,,,,,,,,,,,,,,,,,,,,,,,,,,,,,,0.16012611985206604,0.05714285746216774,0.5862069129943848,0.5862069129943848,0.5862069129943848,0.5862069129943848,0.5862069129943848,48.85057830810547,18.739965438842773,0.06088941916823387,0.08041653782129288,0.07318872213363647,0.06887500733137131,0.09798529744148254,1.1506098508834839,1.082139492034912,1.1003929376602173,1.1092336177825928,1.0685276985168457,0.2110561728477478,0.266867995262146,0.2361449897289276,0.2317490130662918,0.31918883323669434,0.07599105685949326,0.06914124637842178,0.07064800709486008,0.07978963851928711,0.07518750429153442,0.29147693514823914,0.2756841480731964,0.26229652762413025,0.2479381263256073,0.3103015422821045,0.25112277269363403,0.16012611985206604,0.17304721474647522,0.6058823466300964,1.0,0.029411764815449715,0.13212119042873383,0.08426161855459213
8,287,0.6328125,0.6328125,0.6328125,0.6328125,0.6328125,55.80928421020508,15.21364974975586,0.03482067212462425,0.042501676827669144,0.04195907339453697,0.035719748586416245,0.07165401428937912,1.1779286861419678,1.1536353826522827,1.1433873176574707,1.162703514099121,1.1226260662078857,0.149152472615242,0.162672221660614,0.1663329303264618,0.15020528435707092,0.22616487741470337,0.04741964861750603,0.051104605197906494,0.05149833858013153,0.05073006823658943,0.062457792460918427,0.19250118732452393,0.20983432233333588,0.21003778278827667,0.19271285831928253,0.2539110481739044,,,,,,,,,,,,,,,,,,,,,,,,,,,,,,,,,,,,,,,,,,,,,
9,299,,,,,,,,,,,,,,,,,,,,,,,,,,,,,,,,,9.999999747378752e-06,9.999999747378752e-06,3.2325641541319783e-07,,,,,,,,,,,,,,,,,,,,,,,,,,,,,,,,,,,,,,,,,,
9,319,,,,,,,,,,,,,,,,,,,,,,,,,,,,,,,,,,,,0.17676110565662384,0.1860465109348297,0.5862069129943848,0.5862069129943848,0.5862069129943848,0.5862069129943848,0.5862069129943848,35.057472229003906,18.500938415527344,0.05942583829164505,0.07501225173473358,0.0703437328338623,0.06644938141107559,0.10600924491882324,1.1655540466308594,1.0960984230041504,1.0889531373977661,1.123940348625183,1.0488022565841675,0.2122631072998047,0.2571914494037628,0.2622923254966736,0.2220737785100937,0.3308217525482178,0.08017753809690475,0.06669067591428757,0.06687749922275543,0.07545460760593414,0.08170740306377411,0.2586912214756012,0.27436569333076477,0.23282474279403687,0.24701474606990814,0.32061678171157837,0.29441770911216736,0.17676110565662384,0.1687030792236328,0.6117647290229797,0.4444444477558136,0.11764705926179886,0.13417108356952667,0.06313369423151016
9,319,0.609375,0.609375,0.609375,0.609375,0.609375,36.879005432128906,14.98369312286377,0.028097467496991158,0.04003604128956795,0.038284461945295334,0.028951497748494148,0.06723455339670181,1.2505486011505127,1.1897358894348145,1.2054493427276611,1.2237871885299683,1.162827491760254,0.10426788032054901,0.13852761685848236,0.12584128975868225,0.10659433156251907,0.2032107561826706,0.04430120065808296,0.05280209705233574,0.049454838037490845,0.0468660406768322,0.06259335577487946,0.1806715875864029,0.2195061892271042,0.21261146664619446,0.19149334728717804,0.25598806142807007,,,,,,,,,,,,,,,,,,,,,,,,,,,,,,,,,,,,,,,,,,,,,
10,349,,,,,,,,,,,,,,,,,,,,,,,,,,,,,,,,,9.999999747378752e-06,9.999999747378752e-06,3.2325641541319783e-07,,,,,,,,,,,,,,,,,,,,,,,,,,,,,,,,,,,,,,,,,,
10,351,,,,,,,,,,,,,,,,,,,,,,,,,,,,,,,,,,,,0.19925248622894287,0.20512820780277252,0.5862069129943848,0.5862069129943848,0.5862069129943848,0.5862069129943848,0.5862069129943848,26.436784744262695,19.052324295043945,0.06627028435468674,0.06655283272266388,0.07311997562646866,0.08422449231147766,0.1240985244512558,1.1587893962860107,1.1273616552352905,1.1030142307281494,1.098680019378662,1.0171979665756226,0.23472446203231812,0.233255073428154,0.24703942239284515,0.260040819644928,0.3871825933456421,0.07874992489814758,0.07607808709144592,0.07184198498725891,0.07034391909837723,0.09275417774915695,0.26046299934387207,0.29157736897468567,0.23269420862197876,0.2426624745130539,0.33312806487083435,0.3300725519657135,0.19925248622894287,0.22618147730827332,0.6235294342041016,0.800000011920929,0.11764705926179886,0.15311864018440247,0.0679604560136795
10,351,0.578125,0.578125,0.578125,0.578125,0.578125,26.82291603088379,13.599092483520508,0.023846616968512535,0.03220302239060402,0.03048408403992653,0.02488509938120842,0.05880650132894516,1.279354453086853,1.2178658246994019,1.2326351404190063,1.248378872871399,1.1864075660705566,0.09731923043727875,0.11662337183952332,0.11288627237081528,0.0982913076877594,0.17842312157154083,0.03779949992895126,0.04065873473882675,0.038048528134822845,0.03793632984161377,0.0514250174164772,0.15654505789279938,0.17714998126029968,0.16584829986095428,0.15554548799991608,0.21429064869880676,,,,,,,,,,,,,,,,,,,,,,,,,,,,,,,,,,,,,,,,,,,,,
11,383,,,,,,,,,,,,,,,,,,,,,,,,,,,,,,,,,,,,0.21255123615264893,0.25,0.5862069129943848,0.5862069129943848,0.5862069129943848,0.5862069129943848,0.5862069129943848,18.965517044067383,18.359704971313477,0.06004998832941055,0.07399043440818787,0.07192619144916534,0.06538300216197968,0.10055141150951385,1.2068992853164673,1.114432454109192,1.1217176914215088,1.14775550365448,1.0909335613250732,0.2051464170217514,0.2523209750652313,0.24774698913097382,0.23292280733585358,0.308296263217926,0.07746550440788269,0.07059626281261444,0.0697442814707756,0.08058104664087296,0.07877439260482788,0.2573050558567047,0.26750463247299194,0.2386714518070221,0.23265963792800903,0.29181644320487976,0.3735007643699646,0.21255123615264893,0.24272078275680542,0.6205882430076599,0.4285714328289032,0.1764705926179886,0.23174360394477844,0.08872266858816147
11,383,0.6171875,0.6171875,0.6171875,0.6171875,0.6171875,11.03765869140625,13.855387687683105,0.0255025215446949,0.030480122193694115,0.027535712346434593,0.02451534941792488,0.049065809696912766,1.2581050395965576,1.2051100730895996,1.2344295978546143,1.2386398315429688,1.1800059080123901,0.09207823872566223,0.10949505120515823,0.09850791096687317,0.09259307384490967,0.15390387177467346,0.042672012001276016,0.044945746660232544,0.042795002460479736,0.04412417486310005,0.05499587580561638,0.1726745069026947,0.18763771653175354,0.18104514479637146,0.16864454746246338,0.23255401849746704,,,,,,,,,,,,,,,,,,,,,,,,,,,,,,,,,,,,,,,,,,,,,
12,399,,,,,,,,,,,,,,,,,,,,,,,,,,,,,,,,,9.999999747378752e-06,9.999999747378752e-06,3.2325641541319783e-07,,,,,,,,,,,,,,,,,,,,,,,,,,,,,,,,,,,,,,,,,,
12,415,,,,,,,,,,,,,,,,,,,,,,,,,,,,,,,,,,,,0.23909170925617218,0.23188406229019165,0.5862069129943848,0.5862069129943848,0.5862069129943848,0.5862069129943848,0.5862069129943848,12.643678665161133,18.493436813354492,0.059423238039016724,0.07457730919122696,0.07518230378627777,0.07032829523086548,0.09458695352077484,1.1786919832229614,1.1124060153961182,1.1172316074371338,1.1479568481445312,1.1111767292022705,0.2182832807302475,0.25504934787750244,0.26436883211135864,0.23891083896160126,0.29306143522262573,0.07985660433769226,0.07067395746707916,0.07314388453960419,0.07280296832323074,0.09104686230421066,0.2555170953273773,0.25249359011650085,0.23895005881786346,0.2327916920185089,0.31595057249069214,0.4085053503513336,0.23909170925617218,0.2717375159263611,0.6617646813392639,0.22857142984867096,0.23529411852359772,0.17446927726268768,0.09165523201227188
12,415,0.5625,0.5625,0.5625,0.5625,0.5625,8.092948913574219,12.979043006896973,0.02262643724679947,0.031238626688718796,0.027764230966567993,0.022564394399523735,0.05585110932588577,1.2543871402740479,1.2026993036270142,1.2434817552566528,1.2646857500076294,1.1622363328933716,0.09475033730268478,0.12284383177757263,0.10562450438737869,0.09510668367147446,0.1817343682050705,0.035630591213703156,0.03524560481309891,0.03453934192657471,0.03596367686986923,0.04327456280589104,0.14562217891216278,0.15348751842975616,0.15616577863693237,0.1395086646080017,0.19080376625061035,,,,,,,,,,,,,,,,,,,,,,,,,,,,,,,,,,,,,,,,,,,,,
13,447,,,,,,,,,,,,,,,,,,,,,,,,,,,,,,,,,,,,0.23161858320236206,0.2926829159259796,0.5862069129943848,0.5862069129943848,0.5862069129943848,0.5862069129943848,0.5862069129943848,11.494254112243652,18.75445556640625,0.07665377855300903,0.06875980645418167,0.05904938280582428,0.07064532488584518,0.09026370942592621,1.1433545351028442,1.1274224519729614,1.1666820049285889,1.1575653553009033,1.1343730688095093,0.24704758822917938,0.24703361093997955,0.22200413048267365,0.24335768818855286,0.273969829082489,0.0857953280210495,0.07109111547470093,0.08154252171516418,0.09501060843467712,0.08433383703231812,0.23460400104522705,0.2538509964942932,0.28355786204338074,0.27808859944343567,0.2783997058868408,0.3937423825263977,0.23161858320236206,0.25503647327423096,0.6382352709770203,0.8571428656578064,0.1764705926179886,0.24226608872413635,0.0977349504828453
13,447,0.6015625,0.6015625,0.6015625,0.6015625,0.6015625,0.0,12.949322700500488,0.02002018131315708,0.025593841448426247,0.02200101874768734,0.017211727797985077,0.05515424534678459,1.2264240980148315,1.2311781644821167,1.260844111442566,1.275113821029663,1.1838948726654053,0.07523982971906662,0.09168170392513275,0.08314867317676544,0.06766730546951294,0.15780222415924072,0.032741840928792953,0.03561985120177269,0.03293226286768913,0.03496683016419411,0.04713229835033417,0.14916172623634338,0.16842658817768097,0.15929894149303436,0.14691659808158875,0.21697966754436493,,,,,,,,,,,,,,,,,,,,,,,,,,,,,,,,,,,,,,,,,,,,,
14,449,,,,,,,,,,,,,,,,,,,,,,,,,,,,,,,,,9.999999747378752e-06,9.999999747378752e-06,3.2325641541319783e-07,,,,,,,,,,,,,,,,,,,,,,,,,,,,,,,,,,,,,,,,,,
14,479,,,,,,,,,,,,,,,,,,,,,,,,,,,,,,,,,,,,0.24072715640068054,0.3461538553237915,0.5862069129943848,0.5862069129943848,0.5862069129943848,0.5862069129943848,0.5862069129943848,0.0,18.904766082763672,0.07233209162950516,0.07422767579555511,0.07225433737039566,0.06645631045103073,0.10179898887872696,1.0954217910766602,1.119474172592163,1.127534031867981,1.1196445226669312,1.1119431257247925,0.25468552112579346,0.2610177993774414,0.2554793357849121,0.25934314727783203,0.29528895020484924,0.08499866724014282,0.08098758012056351,0.07926099002361298,0.08043166995048523,0.08190224319696426,0.24367286264896393,0.2826133072376251,0.2708686590194702,0.2473561316728592,0.29666176438331604,0.4478314518928528,0.24072715640068054,0.28189247846603394,0.6441176533699036,0.5,0.2647058963775635,0.265434205532074,0.09523054212331772
14,479,0.59375,0.59375,0.59375,0.59375,0.59375,3.4054486751556396,11.885717391967773,0.01947884075343609,0.0247193556278944,0.02101471833884716,0.01852387934923172,0.03989151492714882,1.1079208850860596,1.1998106241226196,1.2140159606933594,1.204270839691162,1.1746246814727783,0.08532378822565079,0.10227225720882416,0.08977662771940231,0.08321140706539154,0.13618721067905426,0.026918595656752586,0.02818669006228447,0.026041928678750992,0.027973923832178116,0.03773564100265503,0.1334446519613266,0.13983136415481567,0.1385960429906845,0.13264623284339905,0.1833033412694931,,,,,,,,,,,,,,,,,,,,,,,,,,,,,,,,,,,,,,,,,,,,,
15,499,,,,,,,,,,,,,,,,,,,,,,,,,,,,,,,,,9.999999747378752e-06,9.999999747378752e-06,3.2325641541319783e-07,,,,,,,,,,,,,,,,,,,,,,,,,,,,,,,,,,,,,,,,,,
15,511,,,,,,,,,,,,,,,,,,,,,,,,,,,,,,,,,,,,0.22440892457962036,0.3199999928474426,0.5862069129943848,0.5862069129943848,0.5862069129943848,0.5862069129943848,0.5862069129943848,2.2988507747650146,18.782941818237305,0.0623447559773922,0.07391002774238586,0.06956768780946732,0.06618808209896088,0.11717694997787476,1.057459831237793,1.1222132444381714,1.1008293628692627,1.0918450355529785,1.052460789680481,0.24445976316928864,0.2628704309463501,0.2689112424850464,0.2530476450920105,0.34453195333480835,0.10095025599002838,0.08064442127943039,0.07778498530387878,0.08929845690727234,0.08585232496261597,0.2805894911289215,0.262950599193573,0.23775723576545715,0.2469153106212616,0.27016791701316833,0.4232756197452545,0.22440892457962036,0.2338685244321823,0.6205882430076599,0.5,0.23529411852359772,0.199353888630867,0.10236575454473495
15,511,0.5546875,0.5546875,0.5546875,0.5546875,0.5546875,0.24038481712341309,13.706955909729004,0.02882969006896019,0.030741920694708824,0.027055220678448677,0.026094675064086914,0.049445874989032745,1.1306025981903076,1.3712760210037231,1.3373628854751587,1.2849611043930054,1.3319844007492065,0.11324559152126312,0.11809881776571274,0.1078462079167366,0.10766743868589401,0.1626424342393875,0.03710895776748657,0.03715258464217186,0.038530133664608,0.03987365588545799,0.04795072600245476,0.14406278729438782,0.16543297469615936,0.1624772995710373,0.15350587666034698,0.21809124946594238,,,,,,,,,,,,,,,,,,,,,,,,,,,,,,,,,,,,,,,,,,,,,
16,543,,,,,,,,,,,,,,,,,,,,,,,,,,,,,,,,,,,,0.21548959612846375,0.375,0.5862069129943848,0.5862069129943848,0.5862069129943848,0.5862069129943848,0.5862069129943848,0.0,18.54905891418457,0.0869128480553627,0.0632999986410141,0.061768729239702225,0.07378444075584412,0.09040255844593048,0.9619972109794617,1.1645935773849487,1.115726351737976,1.0436339378356934,1.121395230293274,0.28293320536613464,0.23481175303459167,0.23762963712215424,0.26180896162986755,0.2926503121852875,0.12024979293346405,0.07252830266952515,0.08616026490926743,0.0917821153998375,0.09238892048597336,0.2835746705532074,0.2612561583518982,0.23029813170433044,0.2370346188545227,0.25296708941459656,0.4289492666721344,0.21548959612846375,0.21550363302230835,0.6117647290229797,0.4000000059604645,0.3529411852359772,0.19540612399578094,0.09371007233858109
16,543,0.59375,0.59375,0.59375,0.59375,0.59375,0.0,12.52319049835205,0.02939745970070362,0.03256171941757202,0.030956443399190903,0.029753515496850014,0.05329541862010956,0.9914586544036865,1.3120814561843872,1.2474632263183594,1.1538174152374268,1.2785228490829468,0.10639303922653198,0.11320818960666656,0.10424981266260147,0.10642429441213608,0.15237510204315186,0.04368762671947479,0.038150589913129807,0.03891170024871826,0.03830238804221153,0.05212946981191635,0.12763963639736176,0.13143810629844666,0.12344086170196533,0.12294088304042816,0.18230362236499786,,,,,,,,,,,,,,,,,,,,,,,,,,,,,,,,,,,,,,,,,,,,,
17,549,,,,,,,,,,,,,,,,,,,,,,,,,,,,,,,,,9.999999747378752e-06,9.999999747378752e-06,3.2325641541319783e-07,,,,,,,,,,,,,,,,,,,,,,,,,,,,,,,,,,,,,,,,,,
17,575,,,,,,,,,,,,,,,,,,,,,,,,,,,,,,,,,,,,0.2306288778781891,0.4285714328289032,0.568965494632721,0.5862069129943848,0.5862069129943848,0.5862069129943848,0.5862069129943848,2.2988507747650146,18.49262237548828,0.07234184443950653,0.07932901382446289,0.07208284735679626,0.07163068652153015,0.09786661714315414,0.9727978706359863,1.149519920349121,1.0958118438720703,1.0313441753387451,1.128673791885376,0.2565230429172516,0.2509729266166687,0.25333958864212036,0.25165602564811707,0.2886698544025421,0.10801895707845688,0.07267702370882034,0.093507319688797,0.11379743367433548,0.08786067366600037,0.22901380062103271,0.23556914925575256,0.2299591600894928,0.26159006357192993,0.27718621492385864,0.45406219363212585,0.2306288778781891,0.2614274024963379,0.658823549747467,0.5454545617103577,0.3529411852359772,0.2474328577518463,0.1030566394329071
17,575,0.796875,0.5625,0.5625,0.5625,0.5625,0.08012819290161133,12.46230411529541,0.022610437124967575,0.022891903296113014,0.021447008475661278,0.0217592790722847,0.042700495570898056,0.9256947636604309,1.390502691268921,1.2800296545028687,1.1226885318756104,1.3448100090026855,0.08019481599330902,0.07546785473823547,0.07048052549362183,0.07178697735071182,0.1181633397936821,0.03687148913741112,0.03676392138004303,0.035030610859394073,0.03593810275197029,0.051115795969963074,0.1426462084054947,0.15263119339942932,0.14446616172790527,0.1420477032661438,0.2043580412864685,,,,,,,,,,,,,,,,,,,,,,,,,,,,,,,,,,,,,,,,,,,,,
18,599,,,,,,,,,,,,,,,,,,,,,,,,,,,,,,,,,9.999999747378752e-06,9.999999747378752e-06,3.2325641541319783e-07,,,,,,,,,,,,,,,,,,,,,,,,,,,,,,,,,,,,,,,,,,
18,607,,,,,,,,,,,,,,,,,,,,,,,,,,,,,,,,,,,,0.25093844532966614,0.4363636374473572,0.4655172526836395,0.5862069129943848,0.5862069129943848,0.5862069129943848,0.5862069129943848,0.0,18.275609970092773,0.07801669836044312,0.06907869875431061,0.06492545455694199,0.0684136375784874,0.09699101001024246,0.9655581712722778,1.1521188020706177,1.0897095203399658,1.0059043169021606,1.1035511493682861,0.27024051547050476,0.2456032633781433,0.2450743019580841,0.2434728890657425,0.3079916834831238,0.11468807607889175,0.07094637304544449,0.07900642603635788,0.11350205540657043,0.09130194038152695,0.23683220148086548,0.23407481610774994,0.21984678506851196,0.2451644390821457,0.2840118110179901,0.4958115220069885,0.25093844532966614,0.2680204510688782,0.6705882549285889,0.5714285969734192,0.3529411852359772,0.3051365911960602,0.12764815986156464
18,607,3.71875,0.6015625,0.6015625,0.6015625,0.6015625,0.0,11.274822235107422,0.02422674186527729,0.024212833493947983,0.02479018270969391,0.024443436414003372,0.03728721663355827,0.7799162864685059,1.2822145223617554,1.1168296337127686,0.9389551877975464,1.2444546222686768,0.09788171201944351,0.09611882269382477,0.09367603063583374,0.09424351155757904,0.1336909979581833,0.0326903760433197,0.032424118369817734,0.029683753848075867,0.03209545463323593,0.0452742874622345,0.12397023290395737,0.1272595077753067,0.12145985662937164,0.12684930860996246,0.1695787012577057,,,,,,,,,,,,,,,,,,,,,,,,,,,,,,,,,,,,,,,,,,,,,
19,639,,,,,,,,,,,,,,,,,,,,,,,,,,,,,,,,,,,,0.2521119713783264,0.4137931168079376,0.36206895112991333,0.5862069129943848,0.5862069129943848,0.568965494632721,0.5862069129943848,0.0,19.18816566467285,0.07196397334337234,0.06763268262147903,0.07108067721128464,0.07590047270059586,0.08772489428520203,0.964542806148529,1.1335047483444214,1.033111572265625,0.9701068997383118,1.1237963438034058,0.260029137134552,0.2533782720565796,0.2673112154006958,0.25385963916778564,0.3027183711528778,0.11613242328166962,0.09400251507759094,0.10182047635316849,0.11579520255327225,0.09518788009881973,0.25237396359443665,0.258210688829422,0.2750832140445709,0.281192421913147,0.2936004400253296,0.49579018354415894,0.2521119713783264,0.2932630777359009,0.6235294342041016,0.5,0.3529411852359772,0.30911582708358765,0.12885354459285736
19,639,6.3515625,0.6640625,0.6640625,0.96875,0.6640625,0.0,10.47421646118164,0.02069985866546631,0.021809428930282593,0.0199427530169487,0.01962726004421711,0.040767934173345566,0.6488272547721863,1.2438478469848633,1.0015649795532227,0.7888817191123962,1.220229983329773,0.08769208937883377,0.08999627083539963,0.08479445427656174,0.0835004597902298,0.12844842672348022,0.02608047053217888,0.02627442218363285,0.024464862421154976,0.02530663274228573,0.03889383375644684,0.11695805191993713,0.12863613665103912,0.1247321143746376,0.1186288446187973,0.17157742381095886,,,,,,,,,,,,,,,,,,,,,,,,,,,,,,,,,,,,,,,,,,,,,
20,649,,,,,,,,,,,,,,,,,,,,,,,,,,,,,,,,,9.999999747378752e-06,9.999999747378752e-06,3.2325641541319783e-07,,,,,,,,,,,,,,,,,,,,,,,,,,,,,,,,,,,,,,,,,,
20,671,,,,,,,,,,,,,,,,,,,,,,,,,,,,,,,,,,,,0.23094841837882996,0.42105263471603394,0.3103448152542114,0.5862069129943848,0.5862069129943848,0.48275861144065857,0.5862069129943848,2.2988507747650146,18.417434692382812,0.09667652100324631,0.06476948410272598,0.06510831415653229,0.0715390145778656,0.09316521883010864,0.9359085559844971,1.1415523290634155,1.034714698791504,0.9677972197532654,1.1222646236419678,0.27694767713546753,0.24525652825832367,0.24234610795974731,0.24256965517997742,0.2941138744354248,0.10906337946653366,0.08512337505817413,0.08323410153388977,0.12322385609149933,0.08657621592283249,0.23235394060611725,0.26674601435661316,0.21846546232700348,0.2634139358997345,0.2630866765975952,0.4761529564857483,0.23094841837882996,0.19930273294448853,0.6411764621734619,0.52173912525177,0.3529411852359772,0.3024251461029053,0.12721726298332214
20,671,6.828125,0.671875,0.671875,2.609375,0.671875,6.25,10.230541229248047,0.017443044111132622,0.02022751420736313,0.017713166773319244,0.01918676681816578,0.03249747306108475,0.6870397329330444,1.2549954652786255,0.9908120036125183,0.7794285416603088,1.2491559982299805,0.07159792631864548,0.06975661963224411,0.06565660238265991,0.06861351430416107,0.09766177088022232,0.029983289539813995,0.028484564274549484,0.028665609657764435,0.029875483363866806,0.041124820709228516,0.1149115338921547,0.11988582462072372,0.11901916563510895,0.11264530569314957,0.17284391820430756,,,,,,,,,,,,,,,,,,,,,,,,,,,,,,,,,,,,,,,,,,,,,
21,699,,,,,,,,,,,,,,,,,,,,,,,,,,,,,,,,,9.999999747378752e-06,9.999999747378752e-06,3.2325641541319783e-07,,,,,,,,,,,,,,,,,,,,,,,,,,,,,,,,,,,,,,,,,,
21,703,,,,,,,,,,,,,,,,,,,,,,,,,,,,,,,,,,,,0.22837980091571808,0.42307692766189575,0.2931034564971924,0.5862069129943848,0.5862069129943848,0.4482758641242981,0.5862069129943848,2.2988507747650146,18.07640838623047,0.07004382461309433,0.06769878417253494,0.05833055078983307,0.07364892959594727,0.08642652630805969,0.9424760341644287,1.142974615097046,1.0323936939239502,0.933010995388031,1.1302134990692139,0.2548103332519531,0.23973731696605682,0.23363959789276123,0.25534477829933167,0.28612589836120605,0.11032906919717789,0.08568395674228668,0.079869844019413,0.1058073490858078,0.0830266922712326,0.2453708052635193,0.24052877724170685,0.2351864129304886,0.2621546983718872,0.2670983672142029,0.4674447774887085,0.22837980091571808,0.19782228767871857,0.6499999761581421,0.6111111044883728,0.3235294222831726,0.26635536551475525,0.1183999627828598
21,703,7.0546875,0.640625,0.640625,4.6484375,0.640625,3.125,8.920193672180176,0.015153255313634872,0.018127473071217537,0.01559926476329565,0.0142010897397995,0.035172928124666214,0.5752559304237366,1.111296534538269,0.8225623965263367,0.6423627734184265,1.11464524269104,0.06390366703271866,0.06534876674413681,0.061584196984767914,0.05827151983976364,0.10127197951078415,0.024810954928398132,0.023606041446328163,0.021440625190734863,0.022821079939603806,0.035172976553440094,0.10089205950498581,0.10638168454170227,0.10370894521474838,0.10264992713928223,0.1509234756231308,,,,,,,,,,,,,,,,,,,,,,,,,,,,,,,,,,,,,,,,,,,,,
22,735,,,,,,,,,,,,,,,,,,,,,,,,,,,,,,,,,,,,0.23404082655906677,0.37142857909202576,0.37931033968925476,0.5862069129943848,0.5862069129943848,0.4482758641242981,0.5862069129943848,0.0,18.859783172607422,0.07429932057857513,0.06334555149078369,0.07206664234399796,0.07011262327432632,0.09137295931577682,0.9697827100753784,1.138839840888977,1.0057663917541504,0.975885272026062,1.1191951036453247,0.2561534643173218,0.2411406934261322,0.25689923763275146,0.2340269684791565,0.2983541786670685,0.14819258451461792,0.09850277006626129,0.08508902043104172,0.10485858470201492,0.09749385714530945,0.2674875855445862,0.30663642287254333,0.25637173652648926,0.2204517275094986,0.2591515779495239,0.4860515594482422,0.23404082655906677,0.25175148248672485,0.6441176533699036,0.3611111044883728,0.38235294818878174,0.24231335520744324,0.10761512070894241
22,735,6.0546875,0.59375,0.6015625,4.859375,0.59375,6.25,9.472017288208008,0.016808029264211655,0.018614543601870537,0.01749943569302559,0.017716480419039726,0.03157404810190201,0.5560058355331421,1.1917457580566406,0.8630563616752625,0.6535764336585999,1.2015600204467773,0.07355371862649918,0.0730091780424118,0.07212425023317337,0.07122181355953217,0.10783030092716217,0.027862150222063065,0.02685530297458172,0.025282304733991623,0.026026463136076927,0.037815313786268234,0.1129511147737503,0.11379536241292953,0.1140161007642746,0.1065807193517685,0.1487216353416443,,,,,,,,,,,,,,,,,,,,,,,,,,,,,,,,,,,,,,,,,,,,,
23,749,,,,,,,,,,,,,,,,,,,,,,,,,,,,,,,,,9.999999747378752e-06,9.999999747378752e-06,3.2325641541319783e-07,,,,,,,,,,,,,,,,,,,,,,,,,,,,,,,,,,,,,,,,,,
23,767,,,,,,,,,,,,,,,,,,,,,,,,,,,,,,,,,,,,0.223389133810997,0.36000001430511475,0.3448275923728943,0.5862069129943848,0.5862069129943848,0.3965517282485962,0.5862069129943848,0.0,18.508825302124023,0.0752146914601326,0.06721677631139755,0.06117499992251396,0.07720420509576797,0.0892333984375,0.9902013540267944,1.1383461952209473,1.0342403650283813,0.9589393734931946,1.1394132375717163,0.2685532867908478,0.238026425242424,0.24103057384490967,0.26321038603782654,0.28063276410102844,0.12289100885391235,0.0807199478149414,0.09759730845689774,0.11224449425935745,0.09097316861152649,0.2338676005601883,0.2377842515707016,0.25299617648124695,0.2414461374282837,0.29239171743392944,0.47906294465065,0.223389133810997,0.17282938957214355,0.6470588445663452,0.5625,0.2647058963775635,0.24857991933822632,0.11883141845464706
23,767,5.9453125,0.5625,0.7421875,5.0390625,0.5625,6.25,9.527629852294922,0.017403747886419296,0.019535034894943237,0.016804665327072144,0.017066217958927155,0.03587104752659798,0.5471506714820862,1.1845684051513672,0.8554769158363342,0.6397595405578613,1.2062866687774658,0.06795907020568848,0.070767842233181,0.066323421895504,0.06491447985172272,0.11236809194087982,0.02714611403644085,0.025597820058465004,0.024747077375650406,0.025461597368121147,0.03840210288763046,0.11278020590543747,0.12105490267276764,0.11638055741786957,0.10622493922710419,0.16146798431873322,,,,,,,,,,,,,,,,,,,,,,,,,,,,,,,,,,,,,,,,,,,,,
24,799,,,,,,,,,,,,,,,,,,,,,,,,,,,,,,,,,9.999999747378752e-06,9.999999747378752e-06,3.2325641541319783e-07,,,,,,,,,,,,,,,,,,,,,,,,,,,,,,,,,,,,,,,,,,
24,799,,,,,,,,,,,,,,,,,,,,,,,,,,,,,,,,,,,,0.2350202202796936,0.4000000059604645,0.36206895112991333,0.5862069129943848,0.5517241358757019,0.4482758641242981,0.5862069129943848,0.0,19.05466079711914,0.07866305112838745,0.06625282764434814,0.06616872549057007,0.06429918110370636,0.09045441448688507,0.966421365737915,1.1270768642425537,1.010553002357483,0.9596653580665588,1.1076300144195557,0.263264536857605,0.2405550330877304,0.24728651344776154,0.24520838260650635,0.30377396941185,0.1152956560254097,0.1071898341178894,0.10116369277238846,0.11629749834537506,0.09158199280500412,0.2848574221134186,0.28366395831108093,0.2706104516983032,0.23114615678787231,0.28898242115974426,0.4910371005535126,0.2350202202796936,0.20450788736343384,0.6205882430076599,0.523809552192688,0.3235294222831726,0.2667217552661896,0.1285979300737381
24,799,6.1875,0.578125,1.765625,5.84375,0.578125,3.125,9.47411060333252,0.014844346791505814,0.017611226066946983,0.016521703451871872,0.015471744351089,0.032653726637363434,0.5074565410614014,1.2533164024353027,0.8803579807281494,0.6218408346176147,1.2941467761993408,0.058289699256420135,0.0628538578748703,0.060670156031847,0.059444185346364975,0.09792942553758621,0.027106648311018944,0.025239991024136543,0.022916778922080994,0.02454000897705555,0.036585163325071335,0.10851874202489853,0.11891839653253555,0.11451320350170135,0.10589408129453659,0.16638794541358948,,,,,,,,,,,,,,,,,,,,,,,,,,,,,,,,,,,,,,,,,,,,,
25,831,,,,,,,,,,,,,,,,,,,,,,,,,,,,,,,,,,,,0.2518617808818817,0.40740740299224854,0.2586206793785095,0.5862069129943848,0.5344827771186829,0.37931033968925476,0.5862069129943848,0.0,19.102540969848633,0.0682104080915451,0.06853494793176651,0.0731503888964653,0.07897382229566574,0.08873521536588669,0.9642100930213928,1.1102874279022217,0.9908986687660217,0.9181061387062073,1.1237711906433105,0.24757903814315796,0.24550670385360718,0.25752121210098267,0.2661934196949005,0.29401734471321106,0.15652963519096375,0.09546416252851486,0.08498325943946838,0.11581375449895859,0.10583710670471191,0.27517226338386536,0.23978546261787415,0.27328214049339294,0.2363455593585968,0.3139078617095947,0.5309022068977356,0.2518617808818817,0.19168496131896973,0.6323529481887817,0.550000011920929,0.3235294222831726,0.28871336579322815,0.13756108283996582
25,831,6.78125,0.5859375,2.71875,6.828125,0.5859375,0.0,9.305720329284668,0.014558577910065651,0.016205832362174988,0.01339095737785101,0.013780832290649414,0.02934993803501129,0.4809679090976715,1.2831364870071411,0.8618383407592773,0.6125287413597107,1.3557528257369995,0.05680060759186745,0.05741475895047188,0.05187978968024254,0.054756730794906616,0.09159336239099503,0.024501599371433258,0.02327343448996544,0.021984806284308434,0.02277717925608158,0.034942664206027985,0.10678117722272873,0.11730033904314041,0.10388752818107605,0.1048722118139267,0.16971400380134583,,,,,,,,,,,,,,,,,,,,,,,,,,,,,,,,,,,,,,,,,,,,,
26,849,,,,,,,,,,,,,,,,,,,,,,,,,,,,,,,,,9.999999747378752e-06,9.999999747378752e-06,3.2325641541319783e-07,,,,,,,,,,,,,,,,,,,,,,,,,,,,,,,,,,,,,,,,,,
26,863,,,,,,,,,,,,,,,,,,,,,,,,,,,,,,,,,,,,0.2458948791027069,0.4285714328289032,0.32758620381355286,0.5862069129943848,0.5,0.3448275923728943,0.5862069129943848,0.0,19.412477493286133,0.06795024126768112,0.06764913350343704,0.06771805882453918,0.06918706744909286,0.08509090542793274,1.0006886720657349,1.0919874906539917,0.9864580631256104,0.9499760866165161,1.129175066947937,0.25811299681663513,0.2540304958820343,0.24651464819908142,0.2545102834701538,0.2872369885444641,0.16356104612350464,0.12121128290891647,0.12218516319990158,0.12074461579322815,0.09937085956335068,0.27749261260032654,0.26311564445495605,0.2733617126941681,0.26998022198677063,0.26205742359161377,0.505361795425415,0.2458948791027069,0.2438604086637497,0.6617646813392639,0.5454545617103577,0.3529411852359772,0.2842928469181061,0.13808707892894745
26,863,6.8984375,0.5859375,4.0078125,6.6484375,0.5859375,0.0,9.468828201293945,0.013273450545966625,0.01636846736073494,0.014904757030308247,0.014038843102753162,0.027773765847086906,0.4636921286582947,1.260848879814148,0.8328941464424133,0.5825492143630981,1.3659415245056152,0.058029357343912125,0.06235554441809654,0.05801897123456001,0.059156034141778946,0.09041992574930191,0.026169786229729652,0.024909639731049538,0.024423185735940933,0.024839289486408234,0.04033244028687477,0.1099989265203476,0.12188386172056198,0.1147928312420845,0.1102750226855278,0.17740406095981598,,,,,,,,,,,,,,,,,,,,,,,,,,,,,,,,,,,,,,,,,,,,,
27,895,,,,,,,,,,,,,,,,,,,,,,,,,,,,,,,,,,,,0.23793643712997437,0.4444444477558136,0.2931034564971924,0.5862069129943848,0.4655172526836395,0.3448275923728943,0.5862069129943848,2.2988507747650146,18.691789627075195,0.0622527115046978,0.06366445124149323,0.07113034278154373,0.0696040689945221,0.09038729220628738,0.9902468323707581,1.1051905155181885,0.9660354256629944,0.964460015296936,1.1091994047164917,0.2512149512767792,0.2366711050271988,0.25502297282218933,0.24027547240257263,0.299936980009079,0.11648302525281906,0.0924149602651596,0.1035962775349617,0.1159517914056778,0.09879525005817413,0.2478521168231964,0.27091461420059204,0.2705589234828949,0.2531890571117401,0.2712882161140442,0.5095788240432739,0.23793643712997437,0.2159440666437149,0.6470588445663452,0.6000000238418579,0.3529411852359772,0.30077534914016724,0.14895303547382355
27,895,7.1640625,0.609375,4.9921875,7.25,0.609375,0.0,8.549358367919922,0.014791760593652725,0.017036400735378265,0.013966524042189121,0.015166047029197216,0.03033491037786007,0.3917122781276703,1.1327741146087646,0.7170681953430176,0.5018777251243591,1.2729229927062988,0.05821742117404938,0.0623273067176342,0.05372511222958565,0.05696984753012657,0.09156617522239685,0.02410074509680271,0.024082690477371216,0.023349134251475334,0.024317504838109016,0.036293935030698776,0.09575287252664566,0.10635802149772644,0.10315580666065216,0.09823402017354965,0.15053802728652954,,,,,,,,,,,,,,,,,,,,,,,,,,,,,,,,,,,,,,,,,,,,,
28,899,,,,,,,,,,,,,,,,,,,,,,,,,,,,,,,,,9.999999747378752e-06,9.999999747378752e-06,3.2325641541319783e-07,,,,,,,,,,,,,,,,,,,,,,,,,,,,,,,,,,,,,,,,,,
28,927,,,,,,,,,,,,,,,,,,,,,,,,,,,,,,,,,,,,0.25866737961769104,0.4444444477558136,0.32758620381355286,0.5862069129943848,0.43103447556495667,0.37931033968925476,0.5862069129943848,0.0,18.72319221496582,0.07943352311849594,0.06403031945228577,0.06702543050050735,0.0682249367237091,0.09378986805677414,0.9695212244987488,1.0842927694320679,0.9696727991104126,0.9297227263450623,1.1051102876663208,0.26159587502479553,0.2440168708562851,0.2501639127731323,0.24921555817127228,0.3009111285209656,0.1500476598739624,0.09244384616613388,0.08391809463500977,0.10598277300596237,0.09634007513523102,0.26418638229370117,0.2517770528793335,0.23234672844409943,0.26867014169692993,0.2923964858055115,0.5209344625473022,0.25866737961769104,0.23139071464538574,0.6264705657958984,0.6000000238418579,0.3529411852359772,0.2942347526550293,0.1405692994594574
28,927,6.6015625,0.5703125,4.3828125,6.4921875,0.5703125,0.0,9.448921203613281,0.015943029895424843,0.01977991685271263,0.017622435465455055,0.016095764935016632,0.037837766110897064,0.42383357882499695,1.1894862651824951,0.7723979353904724,0.5421006679534912,1.3008432388305664,0.07302869856357574,0.08095327019691467,0.07652319967746735,0.07141727954149246,0.11861137300729752,0.028024157509207726,0.02526993118226528,0.02493664249777794,0.02897118590772152,0.04009776934981346,0.10910283774137497,0.11902143806219101,0.11513414978981018,0.11330211907625198,0.16469895839691162,,,,,,,,,,,,,,,,,,,,,,,,,,,,,,,,,,,,,,,,,,,,,
29,949,,,,,,,,,,,,,,,,,,,,,,,,,,,,,,,,,9.999999747378752e-06,9.999999747378752e-06,3.2325641541319783e-07,,,,,,,,,,,,,,,,,,,,,,,,,,,,,,,,,,,,,,,,,,
29,959,,,,,,,,,,,,,,,,,,,,,,,,,,,,,,,,,,,,0.24827973544597626,0.40740740299224854,0.3103448152542114,0.5862069129943848,0.5,0.32758620381355286,0.5862069129943848,0.0,18.699647903442383,0.08061680942773819,0.06837313622236252,0.07867038995027542,0.06418278068304062,0.08860168606042862,1.0128109455108643,1.0663083791732788,0.9481898546218872,0.9648006558418274,1.1370794773101807,0.2644903361797333,0.25248822569847107,0.27482208609580994,0.24739450216293335,0.2715662121772766,0.15134938061237335,0.10028360784053802,0.08650921285152435,0.11368139088153839,0.09808545559644699,0.2597811222076416,0.23707915842533112,0.25921687483787537,0.24098201096057892,0.26237422227859497,0.514539361000061,0.24827973544597626,0.2128678411245346,0.6411764621734619,0.550000011920929,0.3235294222831726,0.29695701599121094,0.13312433660030365
29,959,6.5546875,0.5625,5.2265625,6.625,0.5625,3.125,8.637130737304688,0.011693334206938744,0.01636457070708275,0.013765380717813969,0.013336575590074062,0.0290242750197649,0.35953381657600403,1.1034419536590576,0.7214242815971375,0.4715501368045807,1.2613558769226074,0.06111897528171539,0.06928999722003937,0.06339196860790253,0.06479348242282867,0.10586944967508316,0.02293764241039753,0.023027734830975533,0.021302251145243645,0.022450938820838928,0.03236996382474899,0.10846130549907684,0.1134682148694992,0.10884100198745728,0.1027028039097786,0.15843355655670166,,,,,,,,,,,,,,,,,,,,,,,,,,,,,,,,,,,,,,,,,,,,,
